-- phpMyAdmin SQL Dump
-- version 4.9.7
-- https://www.phpmyadmin.net/
--
-- Hôte : localhost:3306
-- Généré le : lun. 27 juin 2022 à 19:22
-- Version du serveur :  10.5.16-MariaDB
-- Version de PHP : 7.4.29

SET SQL_MODE = "NO_AUTO_VALUE_ON_ZERO";
SET AUTOCOMMIT = 0;
START TRANSACTION;
SET time_zone = "+00:00";


/*!40101 SET @OLD_CHARACTER_SET_CLIENT=@@CHARACTER_SET_CLIENT */;
/*!40101 SET @OLD_CHARACTER_SET_RESULTS=@@CHARACTER_SET_RESULTS */;
/*!40101 SET @OLD_COLLATION_CONNECTION=@@COLLATION_CONNECTION */;
/*!40101 SET NAMES utf8mb4 */;

--
-- Base de données : `zmku8173_dbr`
--

-- --------------------------------------------------------

--
-- Structure de la table `adventure_modes`
--

CREATE TABLE `adventure_modes` (
  `id` bigint(20) UNSIGNED NOT NULL,
  `step_number` int(11) NOT NULL,
  `story_id` bigint(20) UNSIGNED NOT NULL,
  `character_id` bigint(20) UNSIGNED NOT NULL,
  `enemy_id` bigint(20) UNSIGNED DEFAULT NULL,
  `enemy_level` int(11) DEFAULT NULL,
  `enemy_health` int(11) DEFAULT NULL,
  `map_case_id` bigint(20) UNSIGNED NOT NULL,
  `planet_id` bigint(20) UNSIGNED NOT NULL,
  `created_at` timestamp NULL DEFAULT current_timestamp(),
  `updated_at` timestamp NULL DEFAULT current_timestamp()
) ENGINE=InnoDB DEFAULT CHARSET=utf8mb4 COLLATE=utf8mb4_unicode_ci;

--
-- Déchargement des données de la table `adventure_modes`
--

INSERT INTO `adventure_modes` (`id`, `step_number`, `story_id`, `character_id`, `enemy_id`, `enemy_level`, `enemy_health`, `map_case_id`, `planet_id`, `created_at`, `updated_at`) VALUES
(1, 1, 1, 1, NULL, NULL, NULL, 88, 1, '2022-05-20 11:13:22', '2022-05-20 11:13:23'),
(2, 2, 1, 1, 4, 2, 500, 88, 1, '2022-05-20 11:14:08', '2022-05-20 11:14:09'),
(3, 3, 1, 1, NULL, NULL, NULL, 88, 1, '2022-05-20 11:17:03', '2022-05-20 11:17:03'),
(4, 4, 1, 1, 4, 2, 500, 75, 1, '2022-05-20 11:19:43', '2022-06-19 20:53:18'),
(5, 1, 89, 1, NULL, NULL, NULL, 83, 1, '2022-05-20 11:33:53', '2022-05-20 11:33:53'),
(6, 1, 85, 15, NULL, NULL, NULL, 15, 4, '2022-05-25 21:28:56', '2022-05-25 21:28:56'),
(7, 1, 92, 23, NULL, NULL, NULL, 20, 1, '2022-05-25 23:03:47', '2022-05-25 23:03:47'),
(8, 1, 91, 1, NULL, NULL, NULL, 77, 1, '2022-05-25 23:27:38', '2022-05-25 23:27:39'),
(9, 1, 88, 10, 23, 22, 36000, 44, 1, '2022-05-25 23:30:58', '2022-05-25 23:30:58'),
(10, 1, 94, 31, 26, 22, 35000, 31, 1, '2022-05-25 23:35:33', '2022-05-25 23:35:34'),
(11, 27, 78, 2, NULL, NULL, NULL, 31, 1, '2022-05-26 21:35:38', '2022-05-26 21:35:39'),
(18, 5, 1, 3, 4, 2, 300, 75, 1, '2022-06-19 20:54:04', '2022-06-19 20:54:04'),
(19, 6, 1, 1, NULL, NULL, NULL, 42, 2, '2022-06-19 20:54:58', '2022-06-19 20:54:58'),
(20, 7, 1, 1, NULL, NULL, NULL, 4, 2, '2022-06-19 20:56:33', '2022-06-19 20:56:33'),
(21, 8, 1, 1, NULL, NULL, NULL, 4, 2, '2022-06-19 20:57:04', '2022-06-19 20:57:04'),
(22, 9, 1, 3, NULL, NULL, NULL, 66, 1, '2022-06-19 21:01:02', '2022-06-19 21:03:14'),
(23, 10, 1, 5, 3, 2, 700, 66, 1, '2022-06-19 21:01:54', '2022-06-19 21:01:54'),
(24, 11, 1, 3, 44, 3, 700, 66, 1, '2022-06-19 21:02:55', '2022-06-19 21:02:55'),
(25, 12, 1, 6, 7, 3, 800, 21, 1, '2022-06-19 21:04:09', '2022-06-19 21:04:09'),
(26, 13, 1, 6, NULL, NULL, NULL, 21, 1, '2022-06-19 21:04:43', '2022-06-19 21:04:43'),
(27, 14, 1, 7, 6, 2, 600, 21, 1, '2022-06-19 21:05:29', '2022-06-19 21:05:29'),
(28, 15, 1, 8, 9, 2, 800, 21, 1, '2022-06-19 21:06:12', '2022-06-19 21:06:12'),
(29, 16, 1, 9, 10, 4, 900, 21, 1, '2022-06-19 21:07:21', '2022-06-19 21:07:21'),
(30, 17, 1, 5, 9, 4, 900, 21, 1, '2022-06-19 21:08:12', '2022-06-19 21:08:12'),
(31, 18, 1, 1, 9, 4, 1000, 21, 1, '2022-06-19 21:09:04', '2022-06-19 21:09:04'),
(32, 19, 1, 11, 9, 4, 500, 21, 1, '2022-06-19 21:09:43', '2022-06-19 21:09:43'),
(33, 20, 1, 11, NULL, NULL, NULL, 21, 1, '2022-06-19 21:10:27', '2022-06-19 21:10:27'),
(34, 21, 1, 1, 11, 5, 3700, 30, 1, '2022-06-19 21:11:01', '2022-06-19 21:11:01'),
(35, 22, 1, 1, 44, 5, 4000, 30, 1, '2022-06-19 21:11:42', '2022-06-19 21:11:42'),
(36, 23, 1, 12, 44, 4, 4000, 30, 1, '2022-06-19 21:12:34', '2022-06-19 21:13:32'),
(37, 24, 1, 5, 11, 3, 4200, 30, 1, '2022-06-19 21:13:24', '2022-06-19 21:13:24'),
(38, 25, 1, 1, NULL, NULL, NULL, 30, 1, '2022-06-19 21:14:02', '2022-06-19 21:14:02'),
(39, 26, 1, 1, NULL, NULL, NULL, 29, 1, '2022-06-19 21:14:27', '2022-06-19 21:14:27'),
(46, 28, 78, 2, NULL, NULL, NULL, 17, 1, '2022-06-22 20:43:24', '2022-06-22 20:43:42'),
(47, 29, 78, 2, NULL, NULL, NULL, 79, 3, '2022-06-22 20:44:29', '2022-06-22 20:45:42'),
(48, 30, 78, 11, 13, 7, 3800, 58, 3, '2022-06-22 20:46:38', '2022-06-22 20:49:31'),
(49, 31, 78, 5, 14, 7, 4200, 52, 3, '2022-06-22 20:50:57', '2022-06-22 20:53:35'),
(51, 32, 78, 2, 14, 8, 5000, 44, 3, '2022-06-22 20:55:00', '2022-06-22 20:57:04'),
(52, 33, 78, 14, 11, 8, 7000, 44, 3, '2022-06-22 20:58:17', '2022-06-22 20:59:17'),
(53, 71, 79, 3, NULL, NULL, NULL, 31, 1, '2022-06-23 05:18:57', '2022-06-23 05:18:57'),
(54, 72, 79, 1, NULL, NULL, NULL, 77, 1, '2022-06-23 05:54:42', '2022-06-23 05:54:42'),
(55, 73, 79, 23, NULL, NULL, NULL, 42, 1, '2022-06-23 05:55:13', '2022-06-23 05:55:27'),
(56, 74, 79, 23, 22, 10, 4500, 42, 1, '2022-06-23 05:56:46', '2022-06-23 05:56:46'),
(57, 75, 79, 23, 24, 14, 8000, 42, 1, '2022-06-23 05:57:34', '2022-06-23 05:57:34'),
(58, 76, 79, 23, NULL, NULL, NULL, 59, 1, '2022-06-23 05:58:24', '2022-06-23 05:58:24'),
(59, 77, 79, 23, 1, 16, 10000, 59, 1, '2022-06-23 05:59:43', '2022-06-23 05:59:43'),
(60, 78, 79, 35, NULL, NULL, NULL, 59, 1, '2022-06-23 06:00:27', '2022-06-23 06:00:27'),
(61, 79, 79, 8, NULL, NULL, NULL, 17, 1, '2022-06-23 06:01:24', '2022-06-23 06:01:24'),
(62, 80, 79, 2, NULL, NULL, NULL, 88, 1, '2022-06-23 06:02:03', '2022-06-23 06:02:03'),
(63, 81, 79, 5, 3, 16, 20000, 50, 1, '2022-06-23 06:03:02', '2022-06-23 06:03:02'),
(64, 82, 79, 5, 1, 18, 20000, 50, 1, '2022-06-23 06:04:05', '2022-06-23 06:04:05'),
(65, 83, 79, 6, NULL, NULL, NULL, 49, 1, '2022-06-23 06:04:46', '2022-06-23 06:04:46'),
(66, 84, 79, 11, NULL, NULL, NULL, 31, 1, '2022-06-23 06:05:28', '2022-06-23 06:05:28'),
(67, 85, 79, 12, NULL, NULL, NULL, 31, 1, '2022-06-23 06:05:59', '2022-06-23 06:05:59'),
(68, 86, 79, 6, 26, 18, 20000, 44, 1, '2022-06-23 06:07:16', '2022-06-23 06:07:16'),
(69, 87, 79, 1, 25, 20, 20000, 41, 1, '2022-06-23 06:08:03', '2022-06-23 06:08:03'),
(70, 88, 79, 25, 1, 16, 18000, 41, 1, '2022-06-23 06:09:05', '2022-06-23 06:09:05'),
(71, 89, 79, 11, 25, 20, 20000, 41, 1, '2022-06-23 06:10:46', '2022-06-23 06:10:46'),
(75, 90, 79, 11, 25, 20, 18000, 41, 1, '2022-06-23 06:13:10', '2022-06-23 06:13:10'),
(76, 91, 79, 11, NULL, NULL, NULL, 41, 1, '2022-06-23 06:13:58', '2022-06-23 06:13:58'),
(77, 92, 79, 3, 26, 20, 20000, 50, 1, '2022-06-23 06:14:36', '2022-06-23 06:14:36'),
(78, 93, 79, 3, NULL, NULL, NULL, 50, 1, '2022-06-23 06:15:06', '2022-06-23 06:15:06'),
(79, 94, 79, 2, 26, 18, 20000, 50, 1, '2022-06-23 06:16:11', '2022-06-23 06:16:23'),
(80, 95, 79, 26, 31, 18, 18000, 65, 1, '2022-06-23 06:18:02', '2022-06-23 06:18:02'),
(81, 96, 79, 26, NULL, NULL, NULL, 66, 1, '2022-06-23 06:18:34', '2022-06-23 06:18:34'),
(82, 97, 79, 11, 30, 21, 20000, 66, 1, '2022-06-23 06:19:14', '2022-06-23 06:19:14'),
(83, 98, 79, 11, 30, 21, 21000, 66, 1, '2022-06-23 06:21:16', '2022-06-23 06:21:16'),
(84, 99, 79, 23, 31, 20, 18000, 66, 1, '2022-06-23 06:22:06', '2022-06-23 06:22:06'),
(85, 100, 79, 3, 31, 21, 22000, 66, 1, '2022-06-23 06:23:42', '2022-06-23 06:23:42'),
(86, 101, 79, 10, 31, 20, 20000, 66, 1, '2022-06-23 06:25:10', '2022-06-23 06:25:10'),
(87, 102, 79, 2, NULL, NULL, NULL, 66, 1, '2022-06-23 06:25:36', '2022-06-23 06:25:36'),
(88, 103, 79, 3, NULL, NULL, NULL, 21, 1, '2022-06-23 06:26:04', '2022-06-23 06:26:04'),
(89, 34, 78, 11, 14, 9, 5000, 44, 3, '2022-06-23 15:00:05', '2022-06-23 15:00:05'),
(90, 35, 78, 1, NULL, NULL, NULL, 31, 1, '2022-06-23 15:11:17', '2022-06-23 15:11:17'),
(91, 36, 78, 11, 15, 9, 9000, 25, 3, '2022-06-23 15:12:24', '2022-06-23 15:12:24'),
(92, 36, 78, 11, 15, 9, 9000, 25, 3, '2022-06-23 15:12:24', '2022-06-23 15:12:24'),
(93, 37, 78, 11, 15, 10, 5500, 41, 3, '2022-06-23 15:13:24', '2022-06-23 15:13:24'),
(94, 38, 78, 1, NULL, NULL, NULL, 88, 1, '2022-06-23 15:14:18', '2022-06-23 15:14:18'),
(95, 39, 78, 2, NULL, NULL, NULL, 88, 3, '2022-06-23 15:14:47', '2022-06-23 15:14:47'),
(96, 40, 78, 2, NULL, NULL, NULL, 20, 3, '2022-06-23 15:16:47', '2022-06-23 15:16:47'),
(97, 41, 78, 5, NULL, NULL, NULL, 20, 3, '2022-06-23 15:17:23', '2022-06-23 15:17:23'),
(98, 42, 78, 5, NULL, NULL, NULL, 20, 3, '2022-06-23 15:17:56', '2022-06-24 16:29:33'),
(99, 43, 78, 2, 16, 11, 7000, 69, 3, '2022-06-23 15:19:38', '2022-06-24 16:29:22'),
(100, 104, 80, 3, 32, 21, 24000, 84, 1, '2022-06-23 17:59:26', '2022-06-23 18:00:21'),
(101, 105, 80, 3, 32, 20, 25000, 84, 1, '2022-06-23 17:59:58', '2022-06-23 18:00:49'),
(102, 106, 80, 3, 32, 22, 25000, 84, 1, '2022-06-23 18:01:28', '2022-06-23 18:01:28'),
(103, 107, 80, 2, 32, 21, 20000, 49, 1, '2022-06-23 18:02:23', '2022-06-23 18:02:23'),
(104, 108, 80, 23, NULL, NULL, NULL, 2, 1, '2022-06-23 18:04:07', '2022-06-23 18:04:07'),
(105, 109, 80, 3, 31, 21, 25500, 79, 1, '2022-06-23 18:05:37', '2022-06-23 18:05:37'),
(106, 110, 80, 3, 32, 22, 27000, 79, 1, '2022-06-23 18:06:24', '2022-06-23 18:06:24'),
(107, 111, 80, 27, 32, 11, 7000, 79, 1, '2022-06-23 18:07:26', '2022-06-23 18:07:26'),
(108, 113, 80, 10, 32, 20, 26000, 80, 1, '2022-06-23 18:08:36', '2022-06-23 18:09:26'),
(109, 112, 80, 27, 32, 15, 7500, 80, 1, '2022-06-23 18:10:24', '2022-06-23 18:10:24'),
(110, 114, 80, 11, NULL, NULL, NULL, 2, 1, '2022-06-23 18:18:46', '2022-06-23 18:18:46'),
(111, 115, 80, 1, NULL, NULL, NULL, 80, 1, '2022-06-23 18:19:27', '2022-06-23 18:19:27'),
(112, 116, 80, 1, NULL, NULL, NULL, 2, 1, '2022-06-23 18:19:59', '2022-06-23 18:19:59'),
(113, 117, 80, 11, 32, 21, 27000, 80, 1, '2022-06-23 18:20:37', '2022-06-23 18:20:37'),
(114, 118, 80, 23, 32, 20, 27000, 80, 1, '2022-06-23 18:21:19', '2022-06-23 18:21:19'),
(115, 119, 80, 23, 11, 22, 27000, 80, 1, '2022-06-23 18:22:14', '2022-06-23 18:22:14'),
(116, 120, 80, 27, 32, 21, 18000, 80, 1, '2022-06-23 18:22:59', '2022-06-23 18:24:00'),
(117, 121, 80, 2, 32, 21, 18000, 80, 1, '2022-06-23 18:23:41', '2022-06-23 18:23:41'),
(118, 122, 80, 2, 32, 22, 28000, 80, 1, '2022-06-23 18:25:00', '2022-06-23 18:25:00'),
(119, 123, 80, 11, 32, 21, 28000, 80, 1, '2022-06-23 18:26:19', '2022-06-23 18:26:19'),
(120, 124, 80, 11, 32, 22, 28500, 80, 1, '2022-06-23 18:29:23', '2022-06-23 18:29:23'),
(121, 125, 80, 23, 32, 22, 28500, 80, 1, '2022-06-23 18:30:44', '2022-06-23 18:30:44'),
(122, 126, 80, 23, 32, 22, 29000, 80, 1, '2022-06-23 18:31:31', '2022-06-23 18:31:31'),
(123, 127, 80, 5, NULL, NULL, NULL, 80, 1, '2022-06-23 18:32:28', '2022-06-23 18:32:28'),
(124, 128, 80, 11, NULL, NULL, NULL, 2, 1, '2022-06-23 18:33:01', '2022-06-23 18:33:01'),
(125, 129, 80, 23, NULL, NULL, NULL, 2, 1, '2022-06-23 18:33:24', '2022-06-23 18:33:24'),
(126, 130, 80, 28, 32, 12, 25000, 39, 1, '2022-06-23 18:34:26', '2022-06-23 18:34:26'),
(127, 131, 80, 1, 32, 23, 30000, 39, 1, '2022-06-23 18:34:45', '2022-06-23 18:35:29'),
(128, 132, 80, 1, 32, 23, 30000, 39, 1, '2022-06-23 18:36:31', '2022-06-23 18:36:31'),
(129, 133, 80, 5, 32, 23, 30000, 39, 1, '2022-06-23 18:37:04', '2022-06-23 18:37:04'),
(130, 134, 80, 27, 32, 22, 20000, 39, 1, '2022-06-23 18:37:40', '2022-06-23 18:37:40'),
(131, 135, 80, 5, NULL, NULL, NULL, 39, 1, '2022-06-23 18:38:09', '2022-06-23 18:38:09'),
(132, 136, 80, 29, 6, 5, 4000, 39, 1, '2022-06-23 18:38:51', '2022-06-23 18:38:51'),
(133, 137, 80, 29, 2, 8, 4700, 39, 1, '2022-06-23 18:39:54', '2022-06-23 18:39:54'),
(134, 138, 80, 29, 10, 10, 6000, 39, 1, '2022-06-23 18:40:45', '2022-06-23 18:40:45'),
(135, 139, 80, 29, 3, 13, 7000, 39, 1, '2022-06-23 18:41:16', '2022-06-23 18:41:16'),
(136, 140, 80, 29, 23, 15, 8000, 39, 1, '2022-06-23 18:42:04', '2022-06-23 18:42:04'),
(137, 141, 80, 29, 11, 18, 8500, 39, 1, '2022-06-23 18:42:43', '2022-06-23 18:43:46'),
(138, 142, 80, 29, 1, 20, 11000, 39, 1, '2022-06-23 18:43:24', '2022-06-23 18:43:24'),
(139, 143, 80, 5, 29, 24, 27500, 39, 1, '2022-06-23 18:44:30', '2022-06-23 18:44:30'),
(140, 144, 80, 5, 32, 24, 31000, 39, 1, '2022-06-23 18:45:17', '2022-06-23 18:45:17'),
(141, 145, 80, 5, 32, 24, 31000, 39, 1, '2022-06-23 18:45:40', '2022-06-23 18:46:32'),
(142, 146, 80, 5, NULL, NULL, NULL, 39, 1, '2022-06-23 18:46:47', '2022-06-23 18:46:47'),
(143, 147, 80, 11, 32, 24, 32000, 39, 1, '2022-06-23 18:47:51', '2022-06-23 18:47:51'),
(144, 148, 80, 5, 32, 25, 32000, 39, 1, '2022-06-23 18:48:45', '2022-06-23 18:48:45'),
(145, 149, 80, 5, 32, 25, 36500, 39, 1, '2022-06-23 18:49:44', '2022-06-23 18:49:44'),
(146, 150, 80, 23, 30, 22, 18000, 31, 1, '2022-06-23 18:50:41', '2022-06-23 18:50:41'),
(147, 151, 80, 23, 31, 23, 21000, 31, 1, '2022-06-23 18:52:00', '2022-06-23 18:52:00'),
(148, 152, 80, 23, 32, 24, 25000, 31, 1, '2022-06-23 18:52:35', '2022-06-23 18:52:35'),
(149, 44, 78, 5, 16, 11, 7300, 69, 3, '2022-06-24 16:32:15', '2022-06-24 16:32:15'),
(166, 45, 78, 11, 16, 11, 6000, 69, 3, '2022-06-24 16:33:37', '2022-06-24 16:33:59'),
(167, 46, 78, 11, 17, 11, 8200, 69, 3, '2022-06-24 16:35:09', '2022-06-24 16:35:09'),
(168, 47, 78, 1, 17, 12, 6500, 69, 3, '2022-06-24 16:36:36', '2022-06-24 16:36:36'),
(169, 48, 78, 1, 18, 12, 7000, 69, 3, '2022-06-24 16:37:37', '2022-06-24 16:37:51'),
(170, 49, 78, 1, 19, 12, 8500, 69, 3, '2022-06-24 16:39:36', '2022-06-24 16:39:36'),
(171, 50, 78, 19, 1, 13, 8700, 69, 3, '2022-06-24 16:41:33', '2022-06-24 16:41:33'),
(172, 51, 78, 11, 20, 13, 8200, 69, 3, '2022-06-24 16:43:17', '2022-06-24 16:43:17'),
(176, 52, 78, 11, 19, 13, 8800, 69, 3, '2022-06-24 16:44:29', '2022-06-24 16:44:29'),
(177, 53, 78, 11, NULL, NULL, NULL, 69, 3, '2022-06-24 16:45:46', '2022-06-24 16:45:46'),
(178, 54, 78, 21, 22, 13, 5000, 20, 3, '2022-06-24 16:47:46', '2022-06-24 16:47:46'),
(179, 55, 78, 11, 22, 14, 9000, 24, 3, '2022-06-24 16:49:26', '2022-06-24 16:49:34'),
(180, 56, 78, 3, NULL, NULL, NULL, 12, 3, '2022-06-24 16:50:33', '2022-06-24 16:50:33'),
(181, 57, 78, 5, 22, 14, 9300, 24, 3, '2022-06-24 16:51:54', '2022-06-24 16:51:54'),
(184, 58, 78, 3, 22, 14, 10000, 24, 3, '2022-06-24 16:52:56', '2022-06-24 16:52:56'),
(185, 59, 78, 3, 22, 15, 10500, 24, 3, '2022-06-24 16:54:00', '2022-06-24 16:54:00'),
(186, 60, 78, 5, 22, 15, 11000, 24, 3, '2022-06-24 16:55:08', '2022-06-24 16:55:08'),
(187, 61, 78, 11, 22, 16, 11500, 24, 3, '2022-06-24 16:56:35', '2022-06-24 16:56:35'),
(188, 62, 78, 1, 22, 16, 12000, 24, 3, '2022-06-24 16:57:28', '2022-06-24 16:59:11'),
(191, 63, 78, 1, 22, 16, 12500, 24, 3, '2022-06-24 16:58:52', '2022-06-24 16:58:52'),
(192, 64, 78, 3, 22, 17, 13000, 24, 3, '2022-06-24 17:00:42', '2022-06-24 17:00:42'),
(193, 65, 78, 1, 22, 17, 14000, 24, 3, '2022-06-24 17:02:05', '2022-06-24 17:02:05'),
(194, 66, 78, 1, 22, 18, 13000, 24, 3, '2022-06-24 17:03:30', '2022-06-24 17:03:30'),
(195, 67, 78, 1, 22, 18, 14000, 24, 3, '2022-06-24 17:04:34', '2022-06-24 17:04:34'),
(196, 68, 78, 1, 22, 19, 15000, 24, 3, '2022-06-24 17:06:05', '2022-06-24 17:06:05'),
(197, 69, 78, 1, 22, 20, 15000, 24, 3, '2022-06-24 17:07:30', '2022-06-24 17:10:22'),
(198, 70, 78, 1, NULL, NULL, NULL, 13, 3, '2022-06-24 17:10:54', '2022-06-24 17:10:54'),
(199, 153, 81, 5, NULL, NULL, NULL, 84, 1, '2022-06-25 13:12:09', '2022-06-25 13:12:09'),
(200, 154, 81, 5, NULL, NULL, NULL, 31, 1, '2022-06-25 13:13:05', '2022-06-25 13:13:05'),
(201, 155, 81, 5, NULL, NULL, NULL, 84, 1, '2022-06-25 13:13:42', '2022-06-25 13:13:42'),
(202, 156, 81, 5, NULL, NULL, NULL, 31, 1, '2022-06-25 13:14:37', '2022-06-25 13:14:37'),
(203, 157, 81, 5, 33, 25, 38000, 77, 1, '2022-06-25 13:16:15', '2022-06-25 13:16:15'),
(204, 158, 81, 33, 5, 10, 6000, 77, 1, '2022-06-25 13:18:50', '2022-06-25 13:18:50'),
(205, 159, 81, 34, NULL, NULL, NULL, 77, 1, '2022-06-25 13:19:41', '2022-06-25 13:19:41'),
(206, 160, 81, 34, NULL, NULL, NULL, 77, 1, '2022-06-25 13:20:22', '2022-06-25 13:20:22'),
(207, 161, 81, 34, NULL, NULL, NULL, 77, 1, '2022-06-25 13:21:17', '2022-06-25 13:21:17'),
(208, 162, 81, 35, 11, 10, 6000, 31, 1, '2022-06-25 13:22:09', '2022-06-25 13:22:09'),
(212, 163, 81, 34, 5, 10, 6000, 77, 1, '2022-06-25 13:24:22', '2022-06-25 13:25:10'),
(213, 164, 81, 5, 33, 25, 38500, 77, 1, '2022-06-25 13:26:30', '2022-06-25 13:26:30'),
(214, 165, 81, 1, NULL, NULL, NULL, 77, 1, '2022-06-25 13:28:28', '2022-06-25 13:28:28'),
(215, 166, 81, 3, NULL, NULL, NULL, 2, 1, '2022-06-25 13:30:35', '2022-06-25 13:30:35'),
(216, 167, 81, 11, NULL, NULL, NULL, 31, 1, '2022-06-25 13:31:21', '2022-06-25 13:31:21'),
(217, 168, 81, 2, NULL, NULL, NULL, 88, 1, '2022-06-25 13:32:06', '2022-06-25 13:32:06'),
(218, 169, 81, 33, NULL, NULL, NULL, 77, 1, '2022-06-25 13:32:57', '2022-06-25 13:33:08'),
(219, 170, 81, 35, NULL, NULL, NULL, 31, 1, '2022-06-25 13:33:33', '2022-06-25 13:33:33'),
(220, 171, 81, 34, NULL, NULL, NULL, 84, 1, '2022-06-25 13:34:53', '2022-06-25 13:34:53'),
(222, 172, 81, 1, NULL, NULL, NULL, 62, 1, '2022-06-25 13:35:38', '2022-06-25 13:35:38'),
(223, 173, 81, 33, 35, 12, 10000, 12, 1, '2022-06-25 13:49:38', '2022-06-25 13:50:38'),
(224, 174, 81, 35, 33, 12, 10000, 62, 1, '2022-06-25 13:52:35', '2022-06-25 13:52:35'),
(225, 175, 81, 5, 35, 13, 8000, 62, 1, '2022-06-25 13:53:38', '2022-06-25 13:53:38'),
(226, 176, 81, 35, 33, 13, 8000, 62, 1, '2022-06-25 13:55:07', '2022-06-25 13:55:07'),
(227, 177, 81, 35, 33, 14, 10000, 62, 1, '2022-06-25 13:56:01', '2022-06-25 13:56:01'),
(228, 178, 81, 35, NULL, NULL, NULL, 62, 1, '2022-06-25 13:56:52', '2022-06-25 13:56:52'),
(232, 179, 81, 28, 35, 20, 25000, 62, 1, '2022-06-25 13:58:01', '2022-06-25 13:58:01'),
(233, 180, 81, 3, 36, 26, 38000, 62, 1, '2022-06-25 13:59:22', '2022-06-25 14:03:31'),
(234, 181, 81, 34, 72, 16, 20000, 62, 1, '2022-06-25 14:05:24', '2022-06-27 15:15:40'),
(235, 182, 81, 3, NULL, NULL, NULL, 62, 1, '2022-06-25 14:12:00', '2022-06-25 14:12:00'),
(236, 183, 81, 34, 72, 17, 21000, 62, 1, '2022-06-25 14:13:37', '2022-06-27 15:11:37'),
(237, 184, 81, 34, 72, 18, 22000, 62, 1, '2022-06-25 14:14:25', '2022-06-27 07:39:02'),
(238, 185, 81, 5, NULL, NULL, NULL, 62, 1, '2022-06-25 14:15:47', '2022-06-25 14:15:47'),
(239, 186, 81, 5, 37, 26, 39500, 62, 1, '2022-06-25 14:16:55', '2022-06-25 14:16:55'),
(240, 187, 81, 36, NULL, NULL, NULL, 62, 1, '2022-06-25 14:19:46', '2022-06-25 14:19:46'),
(241, 188, 81, 36, NULL, NULL, NULL, 33, 1, '2022-06-25 14:20:44', '2022-06-25 14:20:44'),
(242, 189, 81, 3, 39, 26, 40000, 24, 1, '2022-06-25 14:22:03', '2022-06-25 14:22:03'),
(243, 190, 81, 2, 39, 26, 40000, 24, 1, '2022-06-25 14:26:00', '2022-06-25 14:26:00'),
(244, 191, 81, 11, 38, 26, 40000, 24, 1, '2022-06-25 14:26:57', '2022-06-25 14:26:57'),
(245, 192, 81, 11, 38, 26, 39000, 24, 1, '2022-06-25 14:27:45', '2022-06-25 14:27:45'),
(246, 193, 81, 1, NULL, NULL, NULL, 24, 1, '2022-06-25 14:28:19', '2022-06-25 14:28:34'),
(247, 194, 81, 5, 39, 26, 41000, 24, 1, '2022-06-25 14:57:15', '2022-06-25 14:57:37'),
(248, 195, 81, 28, 30, 24, 30000, 62, 1, '2022-06-25 15:02:54', '2022-06-25 15:02:54'),
(249, 196, 81, 28, 30, 24, 32000, 62, 1, '2022-06-25 15:04:33', '2022-06-25 15:04:33'),
(250, 197, 81, 34, NULL, NULL, NULL, 53, 1, '2022-06-25 15:09:05', '2022-06-25 15:09:05'),
(251, 198, 81, 5, 39, 26, 41500, 24, 1, '2022-06-25 15:58:20', '2022-06-25 15:58:20'),
(252, 199, 81, 5, 39, 27, 42000, 24, 1, '2022-06-25 16:00:36', '2022-06-25 16:00:36'),
(253, 200, 81, 5, NULL, NULL, NULL, 24, 1, '2022-06-25 16:01:40', '2022-06-25 16:01:40'),
(254, 201, 81, 5, 39, 26, 42500, 62, 1, '2022-06-25 16:02:29', '2022-06-25 16:02:29'),
(255, 202, 81, 11, 1, 27, 44000, 30, 1, '2022-06-25 16:05:00', '2022-06-25 16:06:03'),
(256, 203, 81, 1, 11, 27, 44000, 30, 1, '2022-06-25 16:05:49', '2022-06-25 16:06:15'),
(257, 204, 81, 11, 1, 27, 44000, 30, 1, '2022-06-25 16:06:56', '2022-06-25 16:07:22'),
(258, 205, 81, 5, NULL, NULL, NULL, 24, 1, '2022-06-25 16:09:04', '2022-06-25 16:09:04'),
(259, 206, 82, 5, NULL, NULL, NULL, 24, 1, '2022-06-26 13:38:42', '2022-06-26 13:39:43'),
(261, 207, 82, 1, 11, 27, 45000, 30, 1, '2022-06-26 13:39:36', '2022-06-26 13:39:36'),
(262, 208, 82, 39, 41, 10, 10000, 24, 1, '2022-06-26 13:41:00', '2022-06-26 13:41:00'),
(263, 209, 82, 1, 11, 27, 45000, 33, 1, '2022-06-26 13:42:07', '2022-06-26 13:42:07'),
(264, 210, 82, 5, 41, 27, 50000, 24, 1, '2022-06-26 13:44:07', '2022-06-26 13:44:07'),
(265, 211, 82, 36, 41, 10, 4000, 24, 1, '2022-06-26 13:45:19', '2022-06-26 13:45:19'),
(266, 212, 82, 36, 41, 14, 9000, 24, 1, '2022-06-26 13:46:19', '2022-06-26 13:46:19'),
(267, 213, 82, 5, 41, 27, 50000, 24, 1, '2022-06-26 13:47:11', '2022-06-26 13:47:11'),
(268, 214, 82, 11, 41, 27, 50000, 33, 1, '2022-06-26 13:48:39', '2022-06-26 13:48:39'),
(269, 215, 82, 11, 41, 27, 51000, 24, 1, '2022-06-26 13:50:02', '2022-06-26 13:50:02'),
(270, 216, 82, 11, 41, 27, 53000, 24, 1, '2022-06-26 13:51:37', '2022-06-26 13:57:53'),
(271, 217, 82, 11, 41, 28, 53000, 24, 1, '2022-06-26 13:59:10', '2022-06-26 13:59:10'),
(272, 218, 82, 35, 41, 17, 12000, 24, 1, '2022-06-26 14:00:05', '2022-06-26 14:00:05'),
(273, 219, 82, 35, 11, 18, 15000, 24, 1, '2022-06-26 14:01:08', '2022-06-26 14:01:08'),
(274, 220, 82, 33, 11, 17, 15000, 24, 1, '2022-06-26 14:02:26', '2022-06-26 14:02:26'),
(275, 221, 82, 11, 41, 29, 42000, 24, 1, '2022-06-26 14:03:38', '2022-06-26 14:03:38'),
(276, 222, 82, 3, NULL, NULL, NULL, 24, 1, '2022-06-26 14:06:22', '2022-06-26 14:06:22'),
(277, 223, 82, 1, NULL, NULL, NULL, 24, 1, '2022-06-26 14:06:52', '2022-06-26 14:06:52'),
(279, 224, 82, 33, NULL, NULL, NULL, 2, 1, '2022-06-26 14:07:47', '2022-06-26 14:07:47'),
(280, 225, 82, 1, 41, 27, 53500, 33, 1, '2022-06-26 14:09:20', '2022-06-26 14:09:32'),
(281, 226, 82, 1, 41, 27, 54000, 33, 1, '2022-06-26 14:11:37', '2022-06-26 14:11:37'),
(282, 227, 82, 1, 41, 28, 54000, 33, 1, '2022-06-26 14:28:38', '2022-06-26 14:28:38'),
(283, 228, 82, 1, 41, 28, 54500, 33, 1, '2022-06-26 14:30:12', '2022-06-26 14:30:12'),
(284, 229, 82, 1, NULL, NULL, NULL, 2, 1, '2022-06-26 14:30:48', '2022-06-26 14:30:48'),
(285, 230, 82, 5, NULL, NULL, NULL, 38, 2, '2022-06-26 14:31:28', '2022-06-26 14:31:28'),
(286, 231, 82, 40, 41, 8, 4000, 2, 1, '2022-06-26 14:33:21', '2022-06-26 14:33:21'),
(287, 232, 82, 28, 41, 20, 32800, 24, 1, '2022-06-26 14:34:32', '2022-06-26 14:35:11'),
(288, 233, 82, 28, 41, 22, 34100, 24, 1, '2022-06-26 14:36:15', '2022-06-26 14:36:15'),
(289, 234, 82, 28, NULL, NULL, NULL, 24, 1, '2022-06-26 14:37:35', '2022-06-26 14:37:35'),
(290, 235, 82, 41, 47, 7, 4000, 24, 1, '2022-06-26 14:38:36', '2022-06-26 14:38:36'),
(291, 236, 82, 41, 47, 10, 9000, 24, 1, '2022-06-26 14:39:33', '2022-06-26 14:39:33'),
(292, 237, 82, 33, NULL, NULL, NULL, 2, 1, '2022-06-26 14:40:04', '2022-06-26 14:40:04'),
(295, 238, 82, 35, NULL, NULL, NULL, 2, 1, '2022-06-26 14:40:40', '2022-06-26 14:40:40'),
(296, 239, 82, 40, NULL, NULL, NULL, 2, 1, '2022-06-26 14:41:16', '2022-06-26 14:41:27'),
(297, 240, 82, 40, 43, 14, 13000, 2, 1, '2022-06-26 14:42:37', '2022-06-26 14:42:37'),
(298, 241, 82, 40, 43, 16, 15000, 2, 1, '2022-06-26 14:43:26', '2022-06-26 14:43:26'),
(299, 242, 82, 40, 43, 17, 17000, 2, 1, '2022-06-26 14:44:21', '2022-06-26 14:44:21'),
(300, 243, 82, 40, 43, 18, 17000, 2, 1, '2022-06-26 14:45:09', '2022-06-26 14:45:09'),
(301, 244, 82, 40, 43, 19, 18000, 2, 1, '2022-06-26 14:46:16', '2022-06-26 14:46:16'),
(302, 245, 82, 40, 43, 20, 18000, 2, 1, '2022-06-26 14:47:49', '2022-06-26 14:47:49'),
(303, 246, 82, 40, 43, 21, 19000, 2, 1, '2022-06-26 14:48:44', '2022-06-26 14:49:22'),
(304, 247, 82, 40, 43, 21, 20000, 2, 1, '2022-06-26 14:50:02', '2022-06-26 14:50:02'),
(305, 248, 82, 40, 43, 22, 25000, 2, 1, '2022-06-26 14:50:44', '2022-06-26 14:50:44'),
(306, 249, 82, 40, 43, 22, 25000, 11, 1, '2022-06-26 14:51:28', '2022-06-26 14:51:53'),
(307, 250, 82, 40, 43, 23, 26000, 11, 1, '2022-06-26 14:52:51', '2022-06-26 14:52:51'),
(308, 251, 82, 40, 43, 23, 27000, 12, 1, '2022-06-26 14:53:47', '2022-06-26 14:53:47'),
(311, 252, 82, 40, 43, 24, 28000, 12, 1, '2022-06-26 14:55:13', '2022-06-26 14:55:13'),
(312, 253, 82, 40, 43, 24, 29000, 12, 1, '2022-06-26 14:56:16', '2022-06-26 14:56:16'),
(313, 254, 82, 5, NULL, NULL, NULL, 38, 2, '2022-06-26 14:57:14', '2022-06-26 14:57:14'),
(314, 255, 82, 5, 43, 28, 55500, 12, 1, '2022-06-26 14:59:17', '2022-06-26 14:59:17');

-- --------------------------------------------------------

--
-- Structure de la table `caps`
--

CREATE TABLE `caps` (
  `id` bigint(20) UNSIGNED NOT NULL,
  `name` varchar(255) COLLATE utf8mb4_unicode_ci NOT NULL,
  `min_level` int(11) NOT NULL,
  `price` int(11) DEFAULT NULL,
  `caps_scarecities_id` bigint(20) UNSIGNED NOT NULL,
  `strength` int(11) DEFAULT NULL,
  `vitality` int(11) DEFAULT NULL,
  `defense` int(11) DEFAULT NULL,
  `energy` int(11) DEFAULT NULL,
  `bonus` varchar(50) COLLATE utf8mb4_unicode_ci NOT NULL,
  `malus` varchar(50) COLLATE utf8mb4_unicode_ci NOT NULL,
  `created_at` timestamp NULL DEFAULT current_timestamp(),
  `updated_at` timestamp NULL DEFAULT current_timestamp()
) ENGINE=InnoDB DEFAULT CHARSET=utf8mb4 COLLATE=utf8mb4_unicode_ci;

--
-- Déchargement des données de la table `caps`
--

INSERT INTO `caps` (`id`, `name`, `min_level`, `price`, `caps_scarecities_id`, `strength`, `vitality`, `defense`, `energy`, `bonus`, `malus`, `created_at`, `updated_at`) VALUES
(1, 'Sauveur de la Terre', 1, 15000, 1, 0, 0, 0, 0, 'Point de base x2', '', '2022-05-18 20:03:07', '2022-05-18 20:03:07'),
(2, 'Bâton de force', 1, 2000, 2, 1, 0, 0, 0, 'Bonus : +1', '', '2022-05-19 20:09:46', '2022-05-19 20:09:47'),
(3, 'Bâton de vitalité', 1, 2000, 2, 0, 100, 0, 0, 'Bonus : +1', '', '2022-05-19 20:09:48', '2022-05-19 20:09:48'),
(4, 'Carapace Tortue', 5, 2000, 2, 0, 0, 1, 0, 'Bonus : +1', '', '2022-05-19 20:09:49', '2022-05-19 20:09:49'),
(5, 'Éventail magique', 5, 2000, 2, 0, 0, 0, 1, 'Bonus : +1', '', '2022-05-19 20:09:49', '2022-05-19 20:09:49'),
(6, 'Caouille de la Tortue', 5, 5000, 3, 0, 0, 1, 1, 'Bonus : +2', '', '2022-05-19 20:09:50', '2022-05-19 20:09:50'),
(7, 'Pierre d\'évolution', 5, 5000, 3, 0, 100, 0, 1, 'Bonus : +2', '', '2022-05-19 20:09:51', '2022-05-19 20:09:51'),
(8, 'Pierre de férocité', 5, 5000, 3, 1, 0, 0, 1, 'Bonus : +2', '', '2022-05-19 20:09:51', '2022-05-19 20:09:51'),
(9, 'Pierre de force', 5, 5000, 3, 2, 0, 0, 0, 'Bonus : +2', '', '2022-05-19 20:09:52', '2022-05-19 20:09:52'),
(10, 'Pierre de lune', 5, 5000, 3, 1, 0, 1, 0, 'Bonus : +2', '', '2022-05-19 20:09:53', '2022-05-19 20:09:53'),
(11, 'Pierre de résistance', 5, 5000, 3, 0, 0, 2, 0, 'Bonus : +2', '', '2022-05-19 20:09:53', '2022-05-19 20:09:53'),
(12, 'Pierre de vitalité', 5, 5000, 3, 0, 200, 0, 0, 'Bonus : +2', '', '2022-05-19 20:09:54', '2022-05-19 20:09:54'),
(13, 'Pierre énergétique', 5, 5000, 3, 0, 0, 0, 2, 'Bonus : +2', '', '2022-05-19 20:09:55', '2022-05-19 20:09:55'),
(14, 'Pierre philosophale', 5, 5000, 3, 1, 100, 0, 0, 'Bonus : +2', '', '2022-05-19 20:09:55', '2022-05-19 20:09:55'),
(15, 'Poudre de senzu', 5, 5000, 3, 0, 100, 1, 0, 'Bonus : +2', '', '2022-05-19 20:09:56', '2022-05-19 20:09:56'),
(16, 'Attaque Kaioken', 10, 20000, 4, 2, 0, -1, 2, 'Bonus : +4', 'Malus: -1', '2022-05-19 20:09:57', '2022-05-19 20:09:57'),
(17, 'Boîte à musique', 10, 20000, 4, 0, 200, -1, 2, 'Bonus : +4', 'Malus: -1', '2022-05-19 20:09:57', '2022-05-19 20:09:57'),
(18, 'Boite du dragon', 10, 20000, 4, -1, 200, 2, 0, 'Bonus : +4', 'Malus: -1', '2022-05-19 20:09:58', '2022-05-19 20:09:58'),
(19, 'Boite mystique', 10, 20000, 4, -1, 200, 0, 2, 'Bonus : +4', 'Malus: -1', '2022-05-19 20:09:59', '2022-05-19 20:09:59'),
(20, 'Boite renforcée', 10, 20000, 4, 0, 200, 2, -1, 'Bonus : +4', 'Malus: -1', '2022-05-19 20:09:59', '2022-05-19 20:09:59'),
(21, 'Concentration de KI', 10, 20000, 4, -1, 0, 2, 2, 'Bonus : +4', 'Malus: -1', '2022-05-19 20:10:00', '2022-05-19 20:10:00'),
(22, 'Dernier senzu', 10, 20000, 4, 0, 400, 0, -1, 'Bonus : +4', 'Malus: -1', '2022-05-19 20:10:01', '2022-05-19 20:10:01'),
(23, 'Dernier voeu', 10, 20000, 4, -1, 400, 0, 0, 'Bonus : +4', 'Malus: -1', '2022-05-19 20:10:01', '2022-05-19 20:10:01'),
(24, 'Dernier soins', 10, 20000, 4, 0, 400, -1, 0, 'Bonus : +4', 'Malus: -1', '2022-05-19 20:10:02', '2022-05-19 20:10:02'),
(25, 'Fruit de l\'Arbre Sacré', 10, 20000, 4, 3, -100, 0, 1, 'Bonus : +4', 'Malus: -1', '2022-05-19 20:10:02', '2022-05-19 20:10:03'),
(26, 'Poing de Yamcha', 10, 20000, 4, 2, 200, 0, -1, 'Bonus : +4', 'Malus: -1', '2022-05-19 20:10:03', '2022-05-19 20:10:03'),
(27, 'Puissance du Désespoir', 10, 20000, 4, 1, -100, 0, 3, 'Bonus : +4', 'Malus: -1', '2022-05-19 20:10:04', '2022-05-19 20:10:04'),
(28, 'Récupération de Dendé', 10, 20000, 4, 0, -100, 3, 1, 'Bonus : +4', 'Malus: -1', '2022-05-19 20:10:04', '2022-05-19 20:10:05'),
(29, 'Soutien de Kibito', 10, 20000, 4, 2, 0, 2, -1, 'Bonus : +4', 'Malus: -1', '2022-05-19 20:10:05', '2022-05-19 20:10:05'),
(30, 'Tenue Enchantée', 10, 20000, 4, 0, -100, 1, 3, 'Bonus : +4', 'Malus: -1', '2022-05-19 20:10:06', '2022-05-19 20:10:06'),
(31, 'Tenue lourde', 10, 20000, 4, 1, -100, 3, 0, 'Bonus : +4', 'Malus: -1', '2022-05-19 20:10:06', '2022-05-19 20:10:06'),
(32, 'Tenue saiyan', 10, 20000, 4, 3, -100, 1, 0, 'Bonus : +4', 'Malus: -1', '2022-05-19 20:10:07', '2022-05-19 20:10:07'),
(33, 'Voeu de Yamcha', 10, 20000, 4, 2, 200, -1, 0, 'Bonus : +4', 'Malus: -1', '2022-05-19 20:10:08', '2022-05-19 20:10:08'),
(34, 'Acier Kacchin', 15, 0, 5, 4, -400, 12, 0, 'Bonus : +4', 'Malus: -4', '2022-05-19 20:10:08', '2022-05-19 20:10:08'),
(35, 'Attaque Kaioken x20', 15, 0, 5, 8, -400, 0, 8, 'Bonus : +4', 'Malus: -4', '2022-05-19 20:10:09', '2022-05-19 20:10:09'),
(36, 'Bouclier Kacchin', 15, 0, 5, 0, -400, 12, 4, 'Bonus : +4', 'Malus: -4', '2022-05-19 20:10:10', '2022-05-19 20:10:10'),
(37, 'Boule magique', 15, 0, 5, 4, -400, 0, 12, 'Bonus : +4', 'Malus: -4', '2022-05-19 20:10:10', '2022-05-19 20:10:10'),
(38, 'Eau démoniaque', 15, 0, 5, 0, 1200, -4, 4, 'Bonus : +4', 'Malus: -4', '2022-05-19 20:10:11', '2022-05-19 20:10:11'),
(39, 'Eau divine', 15, 0, 5, -4, 1200, 4, 0, 'Bonus : +4', 'Malus: -4', '2022-05-19 20:10:12', '2022-05-19 20:10:12'),
(40, 'Eau sacrée', 15, 0, 5, 4, 1200, -4, 0, 'Bonus : +4', 'Malus: -4', '2022-05-19 20:10:12', '2022-05-19 20:10:12'),
(41, 'Élixir démoniaque', 15, 0, 5, -4, 400, 0, 12, 'Bonus : +4', 'Malus: -4', '2022-05-19 20:10:14', '2022-05-19 20:10:14'),
(42, 'Élixir divin', 15, 0, 5, -4, 400, 12, 0, 'Bonus : +4', 'Malus: -4', '2022-05-19 20:10:14', '2022-05-19 20:10:14'),
(43, 'Élixir sacré', 15, 0, 5, 12, 400, 0, -4, 'Bonus : +4', 'Malus: -4', '2022-05-19 20:10:15', '2022-05-19 20:10:15'),
(44, 'Eveil du Potentiel', 15, 0, 5, 0, -400, 4, 12, 'Bonus : +4', 'Malus: -4', '2022-05-19 20:10:16', '2022-05-19 20:10:16'),
(45, 'Lance maléfique', 15, 0, 5, 12, -400, 0, 4, 'Bonus : +4', 'Malus: -4', '2022-05-19 20:10:16', '2022-05-19 20:10:16'),
(46, 'Z-Sword', 15, 0, 5, 12, -400, 4, 0, 'Bonus : +4', 'Malus: -4', '2022-05-19 20:10:17', '2022-05-19 20:10:17'),
(47, 'Elève de Kame Sennin', 1, 15000, 1, 0, 0, 0, 0, '', '', NULL, NULL),
(48, 'Démon bienveillant', 1, 15000, 1, 0, 0, 0, 0, '', '', NULL, NULL),
(49, 'Frère impitoyable', 1, 15000, 1, 0, 0, 0, 0, '', '', NULL, NULL),
(50, 'Saiyan au potentiel infini', 1, 15000, 1, 0, 0, 0, 0, '', '', NULL, NULL),
(51, 'La mort ne lui fait pas peur', 1, 15000, 1, 0, 0, 0, 0, '', '', NULL, NULL),
(52, 'Graînes diaboliques', 1, 15000, 1, 0, 0, 0, 0, '', '', NULL, NULL),
(53, 'Télékinésiste', 1, 15000, 1, 0, 0, 0, 0, '', '', NULL, NULL),
(54, 'Un faible mentor', 1, 15000, 1, 0, 0, 0, 0, '', '', NULL, NULL),
(55, 'Combattant tri clope', 1, 15000, 1, 0, 0, 0, 0, '', '', NULL, NULL),
(56, 'Prince des saiyans', 1, 15000, 1, 0, 0, 0, 0, '', '', NULL, NULL),
(57, 'Squatteur de la tour Karine', 1, 15000, 1, 0, 0, 0, 0, '', '', NULL, NULL),
(58, 'Rival de Vegeta', 1, 15000, 1, 0, 0, 0, 0, '', '', NULL, NULL),
(59, 'Bras droit de Freezer', 1, 15000, 1, 0, 0, 0, 0, '', '', NULL, NULL),
(60, 'Bras gauche de Freezer', 1, 15000, 1, 0, 0, 0, 0, '', '', NULL, NULL),
(61, 'Force verte', 1, 15000, 1, 0, 0, 0, 0, '', '', NULL, NULL),
(62, 'Force orange', 1, 15000, 1, 0, 0, 0, 0, '', '', NULL, NULL),
(63, 'Force bleue', 1, 15000, 1, 0, 0, 0, 0, '', '', NULL, NULL),
(64, 'Capitaine des forces spéciales', 1, 15000, 1, 0, 0, 0, 0, '', '', NULL, NULL),
(65, 'Force rouge', 1, 15000, 1, 0, 0, 0, 0, '', '', NULL, NULL),
(66, 'Espoir de Namek', 1, 15000, 1, 0, 0, 0, 0, '', '', NULL, NULL),
(67, 'Tyran de la galaxie', 1, 15000, 1, 0, 0, 0, 0, '', '', NULL, NULL),
(68, 'Saiyan venu du futur', 1, 15000, 1, 0, 0, 0, 0, '', '', NULL, NULL),
(69, 'Géniteur tyrannique', 1, 15000, 1, 0, 0, 0, 0, '', '', NULL, NULL),
(70, 'Assistant du Dr. Gero', 1, 15000, 1, 0, 0, 0, 0, '', '', NULL, NULL),
(71, 'Génie incompris', 1, 15000, 1, 0, 0, 0, 0, '', '', NULL, NULL),
(72, 'Ami des oiseaux', 1, 15000, 1, 0, 0, 0, 0, '', '', NULL, NULL),
(73, 'Usurpateur de talent', 1, 15000, 1, 0, 0, 0, 0, '', '', NULL, NULL),
(74, 'Partie de Cell', 1, 15000, 1, 0, 0, 0, 0, '', '', NULL, NULL),
(75, 'Android envoutante', 1, 15000, 1, 0, 0, 0, 0, '', '', NULL, NULL),
(76, 'Garde forestier', 1, 15000, 1, 0, 0, 0, 0, '', '', NULL, NULL),
(77, 'Monstre du futur', 1, 15000, 1, 0, 0, 0, 0, '', '', NULL, NULL),
(78, 'Rival de Trunks', 1, 15000, 1, 0, 0, 0, 0, '', '', NULL, NULL),
(79, 'Grande justicière', 1, 15000, 1, 0, 0, 0, 0, '', '', NULL, NULL),
(80, 'Rival de Goten', 1, 15000, 1, 0, 0, 0, 0, '', '', NULL, NULL),
(81, 'Kaioshin de l\'Est', 1, 15000, 1, 0, 0, 0, 0, '', '', NULL, NULL),
(82, 'Subalterne de Kaioshin', 1, 15000, 1, 0, 0, 0, 0, '', '', NULL, NULL),
(83, 'Gardien du premier niveau', 1, 15000, 1, 0, 0, 0, 0, '', '', NULL, NULL),
(84, 'Roi des démons', 1, 15000, 1, 0, 0, 0, 0, '', '', NULL, NULL),
(85, 'Fusion des jeunes Saïyens', 1, 15000, 1, 0, 0, 0, 0, '', '', NULL, NULL),
(86, 'Bibbidi-Bobbidi-Boo !', 1, 15000, 1, 0, 0, 0, 0, '', '', NULL, NULL),
(87, 'Pouvoir des Potaras', 1, 15000, 1, 0, 0, 0, 0, '', '', NULL, NULL),
(88, 'Démon Maléfique Majin', 1, 15000, 1, 0, 0, 0, 0, '', '', NULL, NULL),
(89, 'Pouvoir de la Lune', 1, 15000, 1, 0, 0, 0, 0, '', '', NULL, NULL),
(90, 'Monarque des Saïyans', 1, 15000, 1, 0, 0, 0, 0, '', '', NULL, NULL),
(91, 'Guerrière intergalactique', 1, 15000, 1, 0, 0, 0, 0, '', '', NULL, NULL),
(92, 'Âme démoniaque', 1, 15000, 1, 0, 0, 0, 0, '', '', NULL, NULL),
(93, 'Acolyte Intergalactique B', 1, 15000, 1, 0, 0, 0, 0, '', '', NULL, NULL),
(94, 'Union Shinjin', 1, 15000, 1, 0, 0, 0, 0, '', '', NULL, NULL),
(95, 'Vision du futur', 1, 15000, 1, 0, 0, 0, 0, '', '', NULL, NULL),
(96, 'Saïyan de caste inférieure', 1, 15000, 1, 0, 0, 0, 0, '', '', NULL, NULL),
(97, 'Acolyte Combattante', 1, 15000, 1, 0, 0, 0, 0, '', '', NULL, NULL),
(98, 'Dieu Tout-Puissant', 1, 15000, 1, 0, 0, 0, 0, '', '', NULL, NULL),
(99, 'Fils immortel', 1, 15000, 1, 0, 0, 0, 0, '', '', NULL, NULL),
(100, 'Lapin lunaire', 1, 15000, 1, 0, 0, 0, 0, '', '', NULL, NULL),
(101, 'Acolyte Intergalactique G', 1, 15000, 1, 0, 0, 0, 0, '', '', NULL, NULL),
(102, 'Magicien Intergalactique', 1, 15000, 1, 0, 0, 0, 0, '', '', NULL, NULL),
(103, 'Mercenaire de l\'espace', 1, 15000, 1, 0, 0, 0, 0, '', '', NULL, NULL),
(104, 'Guerrier millénaire', 1, 15000, 1, 0, 0, 0, 0, '', '', NULL, NULL),
(105, 'Frère tyrannique', 1, 15000, 1, 0, 0, 0, 0, '', '', NULL, NULL),
(106, 'Professeur de Trunks', 1, 15000, 1, 0, 0, 0, 0, '', '', NULL, NULL),
(107, 'Android Grisâtre', 1, 15000, 1, 0, 0, 0, 0, '', '', NULL, NULL),
(108, 'Android Champignon', 1, 15000, 1, 0, 0, 0, 0, '', '', NULL, NULL),
(109, 'L\'ultime cyborg ', 1, 15000, 1, 0, 0, 0, 0, '', '', NULL, NULL),
(110, 'Saiyan au fruit', 1, 15000, 1, 0, 0, 0, 0, '', '', NULL, NULL),
(111, 'Joueur d\'Ocarina', 1, 15000, 1, 0, 0, 0, 0, 'Bonus: +', 'Malus: -', '2022-06-25 12:55:42', '2022-06-25 12:56:01'),
(113, 'Eau magique', 15, 0, 5, -4, 1200, 0, 4, 'Bonus: +4', 'Malus: -4', '2022-06-26 01:12:59', '2022-06-26 01:14:22'),
(114, 'Eveil démoniaque', 1, 0, 5, -4, 0, 4, 12, 'Bonus: +4', 'Malus: -4', '2022-06-26 01:16:03', '2022-06-26 01:19:31'),
(115, 'Lance sacrée', 15, 0, 5, 12, 0, 4, -4, 'Bonus: +4', 'Malus: -4', '2022-06-26 01:18:25', '2022-06-26 01:18:25'),
(116, 'Bouclier divin', 15, 0, 5, 0, 400, 12, -4, 'Bonus: +4', 'Malus: -4', '2022-06-26 01:19:05', '2022-06-26 01:19:05');

-- --------------------------------------------------------

--
-- Structure de la table `caps_scarecities`
--

CREATE TABLE `caps_scarecities` (
  `id` bigint(20) UNSIGNED NOT NULL,
  `name` varchar(255) COLLATE utf8mb4_unicode_ci NOT NULL,
  `icon` varchar(255) COLLATE utf8mb4_unicode_ci NOT NULL,
  `created_at` timestamp NULL DEFAULT current_timestamp(),
  `updated_at` timestamp NULL DEFAULT current_timestamp()
) ENGINE=InnoDB DEFAULT CHARSET=utf8mb4 COLLATE=utf8mb4_unicode_ci;

--
-- Déchargement des données de la table `caps_scarecities`
--

INSERT INTO `caps_scarecities` (`id`, `name`, `icon`, `created_at`, `updated_at`) VALUES
(1, 'Personnage', 'https://www.dragonballrebirth.fr/css/images/capsules/capsule-2-0.svg', '2022-05-18 20:03:07', '2022-05-18 20:03:07'),
(2, 'Commune', 'https://www.dragonballrebirth.fr/css/images/capsules/capsule-1-1.png', '2022-05-19 16:38:41', '2022-05-19 16:38:43'),
(3, 'Rare', 'https://www.dragonballrebirth.fr/css/images/capsules/capsule-1-2.png', '2022-05-19 16:38:44', '2022-05-19 16:38:44'),
(4, 'Épique', 'https://www.dragonballrebirth.fr/css/images/capsules/capsule-1-3.svg', '2022-05-19 16:39:14', '2022-05-19 16:39:14'),
(5, 'Légendaire', 'https://www.dragonballrebirth.fr/css/images/capsules/capsule-1-4.png', '2022-05-19 16:39:38', '2022-06-11 13:24:51');

-- --------------------------------------------------------

--
-- Structure de la table `characters`
--

CREATE TABLE `characters` (
  `id` bigint(20) UNSIGNED NOT NULL,
  `name` varchar(255) COLLATE utf8mb4_unicode_ci NOT NULL,
  `avatar` varchar(255) COLLATE utf8mb4_unicode_ci DEFAULT NULL,
  `caps_id` bigint(20) UNSIGNED DEFAULT NULL,
  `step_unlock` int(11) DEFAULT NULL,
  `story_id` bigint(20) UNSIGNED DEFAULT NULL,
  `ruby_cost` int(11) DEFAULT NULL,
  `is_pnj` tinyint(1) DEFAULT NULL,
  `main_story_id` bigint(20) UNSIGNED DEFAULT NULL,
  `created_at` timestamp NULL DEFAULT current_timestamp(),
  `updated_at` timestamp NULL DEFAULT current_timestamp()
) ENGINE=InnoDB DEFAULT CHARSET=utf8mb4 COLLATE=utf8mb4_unicode_ci;

--
-- Déchargement des données de la table `characters`
--

INSERT INTO `characters` (`id`, `name`, `avatar`, `caps_id`, `step_unlock`, `story_id`, `ruby_cost`, `is_pnj`, `main_story_id`, `created_at`, `updated_at`) VALUES
(1, 'Son Goku', 'https://dragonballrebirth.fr/img/characters/son-goku/', 1, 1, 1, 0, NULL, 1, '2022-05-18 20:03:07', '2022-06-19 19:11:11'),
(2, 'Krilin', 'https://www.dragonballrebirth.fr/img/characters/krilin/', 47, 2, 1, 0, NULL, 1, '2022-05-20 09:44:46', '2022-05-20 09:44:46'),
(3, 'Piccolo', 'https://www.dragonballrebirth.fr/img/characters/piccolo/', 48, 3, 1, 0, NULL, 1, '2022-05-20 09:44:48', '2022-05-20 09:44:48'),
(4, 'Raditz', 'https://www.dragonballrebirth.fr/img/characters/raditz/', 49, 6, 1, 0, NULL, 1, '2022-05-20 09:44:48', '2022-06-08 18:18:36'),
(5, 'Son Gohan', 'https://www.dragonballrebirth.fr/img/characters/son-gohan/', 50, 9, 1, 0, NULL, 1, '2022-05-20 09:44:49', '2022-06-08 18:19:36'),
(6, 'Yamcha', 'https://www.dragonballrebirth.fr/img/characters/yamcha/', 51, 11, 1, 0, NULL, 1, '2022-05-20 09:44:50', '2022-06-08 18:22:02'),
(7, 'Saibaman', 'https://www.dragonballrebirth.fr/img/characters/saibaman/', 52, 13, 1, 0, NULL, 1, '2022-05-20 09:44:51', '2022-06-08 18:32:51'),
(8, 'Chaozu', 'https://www.dragonballrebirth.fr/img/characters/chaozu/', 53, 14, 1, 0, NULL, 1, '2022-05-20 09:44:51', '2022-06-08 18:40:11'),
(9, 'Nappa', 'https://www.dragonballrebirth.fr/img/characters/nappa/', 54, 15, 1, 0, NULL, 1, '2022-05-20 09:44:52', '2022-06-08 18:40:15'),
(10, 'Tenshinhan', 'https://www.dragonballrebirth.fr/img/characters/tenshinhan/', 55, 16, 1, 0, NULL, 1, '2022-05-20 09:44:53', '2022-06-08 18:40:20'),
(11, 'Vegeta', 'https://www.dragonballrebirth.fr/img/characters/vegeta/', 56, 18, 1, 0, NULL, 1, '2022-05-20 09:44:54', '2022-06-08 18:40:29'),
(12, 'Yajirobe', 'https://www.dragonballrebirth.fr/img/characters/yajirobe/', 57, 22, 1, 0, NULL, 1, '2022-05-20 09:44:54', '2022-06-08 18:40:34'),
(13, 'Kiwi', 'https://www.dragonballrebirth.fr/img/characters/kiwi/', 58, 30, 78, 0, NULL, 1, '2022-05-20 09:44:55', '2022-06-08 18:40:40'),
(14, 'Dodoria', 'https://www.dragonballrebirth.fr/img/characters/dodoria/', 59, 32, 78, 0, NULL, 1, '2022-05-20 09:44:56', '2022-06-08 18:40:47'),
(15, 'Zabon', 'https://www.dragonballrebirth.fr/img/characters/zarbon/', 60, 37, 78, 0, NULL, 1, '2022-05-20 09:44:57', '2022-06-08 18:40:52'),
(16, 'Guldo', 'https://www.dragonballrebirth.fr/img/characters/guldo/', 61, 45, 78, 0, NULL, 1, '2022-05-20 09:44:57', '2022-06-08 18:40:59'),
(17, 'Reecom', 'https://www.dragonballrebirth.fr/img/characters/reecom/', 62, 47, 78, 0, NULL, 1, '2022-05-20 09:44:58', '2022-06-08 18:41:04'),
(18, 'Barta', 'https://www.dragonballrebirth.fr/img/characters/barta/', 63, 48, 78, 0, NULL, 1, '2022-05-20 09:44:59', '2022-06-08 18:41:09'),
(19, 'Ginyu', 'https://www.dragonballrebirth.fr/img/characters/ginyu/', 64, 49, 78, 0, NULL, 1, '2022-05-20 09:45:00', '2022-06-08 18:41:16'),
(20, 'Jeece', 'https://www.dragonballrebirth.fr/img/characters/jeece/', 65, 51, 78, 0, NULL, 1, '2022-05-20 09:45:00', '2022-06-08 18:41:22'),
(21, 'Nail', 'https://www.dragonballrebirth.fr/img/characters/nail/', 66, 53, 78, 0, NULL, 1, '2022-05-20 09:45:01', '2022-06-08 18:41:28'),
(22, 'Freezer', 'https://www.dragonballrebirth.fr/img/characters/freezer/', 67, 70, 78, 0, NULL, 1, '2022-05-20 09:45:02', '2022-06-08 18:41:33'),
(23, 'Mirai Trunks', 'https://www.dragonballrebirth.fr/img/characters/mirai-trunks/', 68, 72, 79, 0, NULL, 1, '2022-05-20 09:45:03', '2022-06-08 18:41:41'),
(24, 'Roi Cold', 'https://www.dragonballrebirth.fr/img/characters/king-cold/', 69, 75, 79, 0, NULL, 1, '2022-05-20 09:45:03', '2022-06-08 18:41:48'),
(25, 'C-19', 'https://www.dragonballrebirth.fr/img/characters/c19/', 70, 87, 79, 0, NULL, 1, '2022-05-20 09:45:04', '2022-06-08 18:41:55'),
(26, 'Dr. Gero', 'https://www.dragonballrebirth.fr/img/characters/drgero/', 71, 94, 79, 0, NULL, 1, '2022-05-20 09:45:05', '2022-06-08 18:42:03'),
(27, 'C-16', 'https://www.dragonballrebirth.fr/img/characters/c16/', 72, 110, 80, 0, NULL, 1, '2022-05-20 09:45:06', '2022-06-08 18:42:10'),
(28, 'Mr. Satan', 'https://www.dragonballrebirth.fr/img/characters/satan/', 73, 129, 80, 0, NULL, 1, '2022-05-20 09:45:06', '2022-06-08 18:42:15'),
(29, 'Cell Jr.', 'https://www.dragonballrebirth.fr/img/characters/cell-jr/', 74, 135, 80, 0, NULL, 1, '2022-05-20 09:45:07', '2022-06-08 18:42:23'),
(30, 'C-18', 'https://www.dragonballrebirth.fr/img/characters/c18/', 75, 150, 92, 0, NULL, 100, '2022-05-20 09:45:08', '2022-06-08 18:45:04'),
(31, 'C-17', 'https://www.dragonballrebirth.fr/img/characters/c17/', 76, 151, 92, 0, NULL, 100, '2022-05-20 09:45:09', '2022-06-08 18:45:09'),
(32, 'Cell', 'https://www.dragonballrebirth.fr/img/characters/cell/', 77, 152, 80, 0, NULL, 1, '2022-05-20 09:45:09', '2022-06-08 18:42:30'),
(33, 'Son Goten', 'https://www.dragonballrebirth.fr/img/characters/son-goten/', 78, 157, 81, 0, NULL, 1, '2022-05-20 09:45:10', '2022-06-08 18:42:37'),
(34, 'Videl', 'https://www.dragonballrebirth.fr/img/characters/videl/', 79, 158, 81, 0, NULL, 1, '2022-05-20 09:45:11', '2022-06-08 18:42:43'),
(35, 'Trunks', 'https://www.dragonballrebirth.fr/img/characters/trunks/', 80, 161, 81, 0, NULL, 1, '2022-05-20 09:45:12', '2022-06-08 18:42:51'),
(36, 'Kaioshin', 'https://www.dragonballrebirth.fr/img/characters/kaioshin/', 81, 180, 81, 0, NULL, 1, '2022-05-20 09:45:12', '2022-06-26 01:02:56'),
(37, 'Kibito', 'https://www.dragonballrebirth.fr/img/characters/kibito/', 82, 186, 81, 0, NULL, 1, '2022-05-20 09:45:13', '2022-05-20 09:45:13'),
(38, 'Puipui', 'https://www.dragonballrebirth.fr/img/characters/puipui/', 83, 192, 81, 0, NULL, 1, '2022-05-20 09:45:14', '2022-06-08 18:43:10'),
(39, 'Dabra', 'https://www.dragonballrebirth.fr/img/characters/dabra/', 84, 201, 81, 0, NULL, 1, '2022-05-20 09:45:15', '2022-06-08 18:43:17'),
(40, 'Gotenks', 'https://www.dragonballrebirth.fr/img/characters/gotenks/', 85, 230, 82, 0, NULL, 1, '2022-05-20 09:45:15', '2022-06-08 18:43:24'),
(41, 'Buu', 'https://www.dragonballrebirth.fr/img/characters/buu/', 86, 234, 82, 0, NULL, 1, '2022-05-20 09:45:16', '2022-06-08 18:43:32'),
(42, 'Vegetto', 'https://www.dragonballrebirth.fr/img/characters/vegetto/', 87, 267, 82, 0, NULL, 1, '2022-05-20 09:45:17', '2022-06-08 18:43:43'),
(43, 'Super Buu', 'https://www.dragonballrebirth.fr/img/characters/super-buu/', 88, 294, 82, 0, NULL, 1, '2022-05-20 09:45:17', '2022-06-08 18:43:52'),
(44, 'Oozaru', 'https://www.dragonballrebirth.fr/img/characters/oozaru/', 89, 1, 1, 25, NULL, 150, '2022-05-20 09:45:18', '2022-06-08 18:45:48'),
(45, 'Roi Vegeta', 'https://www.dragonballrebirth.fr/img/characters/king-vegeta/', 90, 1, 1, 25, NULL, 150, '2022-05-20 09:45:19', '2022-06-08 18:46:07'),
(46, 'Zangya', 'https://www.dragonballrebirth.fr/img/characters/zangya/', 91, 1, 1, 25, NULL, 150, '2022-05-20 09:45:20', '2022-06-08 18:45:54'),
(47, 'Evil Buu', 'https://www.dragonballrebirth.fr/img/characters/evil-buu/', 92, 1, 1, 25, NULL, 150, '2022-05-20 09:45:20', '2022-06-08 18:46:24'),
(48, 'Bido', 'https://www.dragonballrebirth.fr/img/characters/bido/', 93, 1, 1, 25, NULL, 150, '2022-05-20 09:45:21', '2022-06-08 18:46:19'),
(49, 'Kibitoshin', 'https://www.dragonballrebirth.fr/img/characters/kibitoshin/', 94, 1, 1, 25, NULL, 150, '2022-05-20 09:45:22', '2022-06-26 01:02:30'),
(50, 'Baddack', 'https://www.dragonballrebirth.fr/img/characters/baddack/', 95, 1, 85, 0, NULL, 100, '2022-05-20 09:45:23', '2022-06-08 18:43:58'),
(51, 'Toma', 'https://www.dragonballrebirth.fr/img/characters/toma/', 96, 5, 85, 0, NULL, 100, '2022-05-20 09:45:23', '2022-06-08 18:44:05'),
(52, 'Vasha', 'https://www.dragonballrebirth.fr/img/characters/vasha/', 97, 18, 85, 0, NULL, 100, '2022-05-20 09:45:24', '2022-06-08 18:44:10'),
(53, 'Kami Sama', 'https://www.dragonballrebirth.fr/img/characters/kami-sama/', 98, 7, 86, 0, NULL, 100, '2022-05-20 09:45:25', '2022-06-02 13:59:20'),
(54, 'Garlic Jr.', 'https://www.dragonballrebirth.fr/img/characters/garlic/', 99, 16, 86, 0, NULL, 100, '2022-05-20 09:45:26', '2022-06-08 18:44:17'),
(55, 'Toto le lapin', 'https://www.dragonballrebirth.fr/img/characters/toto/', 100, 3, 87, 0, NULL, 100, '2022-05-20 09:45:26', '2022-06-08 18:44:23'),
(56, 'Gokua', 'https://www.dragonballrebirth.fr/img/characters/gokua/', 101, 11, 88, 0, NULL, 100, '2022-05-20 09:45:27', '2022-06-08 18:44:30'),
(57, 'Bujin', 'https://www.dragonballrebirth.fr/img/characters/bujin/', 102, 33, 88, 0, NULL, 100, '2022-05-20 09:45:28', '2022-06-08 18:44:35'),
(58, 'Bojack', 'https://www.dragonballrebirth.fr/img/characters/bojack/', 103, 35, 88, 0, NULL, 100, '2022-05-20 09:45:28', '2022-06-08 18:44:40'),
(59, 'Broly', 'https://www.dragonballrebirth.fr/img/characters/broly/', 104, 20, 90, 0, NULL, 100, '2022-05-20 09:45:29', '2022-06-08 18:44:46'),
(60, 'Cooler', 'https://www.dragonballrebirth.fr/img/characters/cooler/', 105, 16, 91, 0, NULL, 100, '2022-05-20 09:45:30', '2022-06-08 18:44:52'),
(61, 'Mirai Gohan', 'https://www.dragonballrebirth.fr/img/characters/mirai-gohan/', 106, 9, 92, 0, NULL, 100, '2022-05-20 09:45:31', '2022-06-08 18:44:57'),
(62, 'C-14', 'https://www.dragonballrebirth.fr/img/characters/c14/', 107, 14, 94, 0, NULL, 100, '2022-05-20 09:45:31', '2022-06-08 18:45:25'),
(63, 'C-15', 'https://www.dragonballrebirth.fr/img/characters/c15/', 108, 16, 94, 0, NULL, 100, '2022-05-20 09:45:32', '2022-06-08 18:45:31'),
(64, 'C-13', 'https://www.dragonballrebirth.fr/img/characters/c13/', 109, 28, 94, 0, NULL, 100, '2022-05-20 09:45:33', '2022-06-08 18:45:36'),
(65, 'Thales', 'https://www.dragonballrebirth.fr/img/characters/thales/', 110, 10, 95, 0, NULL, 100, '2022-05-20 09:45:34', '2022-06-08 18:45:43'),
(66, 'Malfrat', NULL, NULL, NULL, NULL, NULL, 1, 150, '2022-05-27 09:45:57', '2022-05-27 09:45:57'),
(69, 'Sbire de freezer', NULL, NULL, NULL, NULL, NULL, 1, 150, '2022-05-31 08:40:41', '2022-05-31 08:44:22'),
(71, 'Tapion', 'https://dragonballrebirth.fr/img/characters/tapion/', 111, 19, 96, 0, NULL, 100, '2022-06-25 12:45:07', '2022-06-25 12:56:50'),
(72, 'Spopovitch', NULL, NULL, NULL, NULL, NULL, 1, NULL, '2022-06-25 14:01:31', '2022-06-25 14:01:31');

-- --------------------------------------------------------

--
-- Structure de la table `character_categories`
--

CREATE TABLE `character_categories` (
  `id` bigint(20) UNSIGNED NOT NULL,
  `name` varchar(255) NOT NULL,
  `updated_at` timestamp NULL DEFAULT current_timestamp(),
  `created_at` timestamp NULL DEFAULT current_timestamp()
) ENGINE=InnoDB DEFAULT CHARSET=utf8;

--
-- Déchargement des données de la table `character_categories`
--

INSERT INTO `character_categories` (`id`, `name`, `updated_at`, `created_at`) VALUES
(1, 'Saiyan', '2022-06-11 12:35:54', '2022-06-11 14:24:26'),
(2, 'Terrien', '2022-06-11 14:24:26', '2022-06-11 14:24:26'),
(3, 'Demi Saiyan', '2022-06-11 12:34:17', '2022-06-11 14:24:26'),
(4, 'Vie artificielle', '2022-06-11 14:24:26', '2022-06-11 14:24:26'),
(5, 'Alien', '2022-06-11 14:24:26', '2022-06-11 14:24:26'),
(6, 'Armée de Freezer', '2022-06-11 12:32:36', '2022-06-11 14:24:26'),
(7, 'Démon', '2022-06-11 14:24:26', '2022-06-11 14:24:26'),
(8, 'Dieu', '2022-06-26 01:01:49', '2022-06-26 01:01:49');

-- --------------------------------------------------------

--
-- Structure de la table `failed_jobs`
--

CREATE TABLE `failed_jobs` (
  `id` bigint(20) UNSIGNED NOT NULL,
  `uuid` varchar(255) COLLATE utf8mb4_unicode_ci NOT NULL,
  `connection` text COLLATE utf8mb4_unicode_ci NOT NULL,
  `queue` text COLLATE utf8mb4_unicode_ci NOT NULL,
  `payload` longtext COLLATE utf8mb4_unicode_ci NOT NULL,
  `exception` longtext COLLATE utf8mb4_unicode_ci NOT NULL,
  `failed_at` timestamp NOT NULL DEFAULT current_timestamp()
) ENGINE=InnoDB DEFAULT CHARSET=utf8mb4 COLLATE=utf8mb4_unicode_ci;

-- --------------------------------------------------------

--
-- Structure de la table `link_characters_to_categories`
--

CREATE TABLE `link_characters_to_categories` (
  `id` bigint(20) UNSIGNED NOT NULL,
  `character_id` bigint(20) UNSIGNED NOT NULL,
  `category_id` bigint(20) UNSIGNED NOT NULL
) ENGINE=InnoDB DEFAULT CHARSET=utf8;

--
-- Déchargement des données de la table `link_characters_to_categories`
--

INSERT INTO `link_characters_to_categories` (`id`, `character_id`, `category_id`) VALUES
(2, 2, 2),
(3, 3, 2),
(15, 4, 1),
(16, 5, 3),
(17, 6, 2),
(21, 7, 4),
(26, 8, 2),
(27, 9, 1),
(28, 10, 2),
(29, 11, 1),
(30, 12, 2),
(31, 13, 6),
(32, 14, 6),
(33, 15, 6),
(34, 16, 6),
(35, 17, 6),
(36, 18, 6),
(37, 19, 6),
(38, 20, 6),
(39, 21, 5),
(40, 22, 6),
(41, 23, 3),
(42, 24, 7),
(43, 25, 4),
(44, 26, 4),
(45, 27, 4),
(46, 28, 2),
(47, 29, 4),
(48, 32, 4),
(49, 33, 3),
(50, 34, 2),
(51, 35, 3),
(52, 38, 5),
(53, 39, 7),
(54, 40, 3),
(55, 41, 7),
(56, 42, 1),
(57, 43, 7),
(58, 50, 1),
(59, 51, 1),
(60, 52, 1),
(61, 54, 7),
(62, 55, 2),
(63, 56, 5),
(64, 57, 5),
(65, 58, 5),
(66, 59, 1),
(67, 60, 7),
(68, 61, 3),
(69, 30, 4),
(70, 31, 4),
(71, 62, 4),
(72, 63, 4),
(73, 64, 4),
(74, 65, 1),
(75, 44, 1),
(76, 46, 5),
(77, 45, 1),
(78, 48, 5),
(79, 47, 7),
(87, 1, 1),
(90, 71, 5),
(91, 49, 8),
(92, 36, 8);

-- --------------------------------------------------------

--
-- Structure de la table `link_rewards_to_steps`
--

CREATE TABLE `link_rewards_to_steps` (
  `id` bigint(20) UNSIGNED NOT NULL,
  `rewards_id` bigint(20) UNSIGNED NOT NULL,
  `step_number` bigint(20) UNSIGNED NOT NULL,
  `created_at` timestamp NULL DEFAULT NULL,
  `updated_at` timestamp NULL DEFAULT NULL
) ENGINE=InnoDB DEFAULT CHARSET=utf8mb4 COLLATE=utf8mb4_unicode_ci;

--
-- Déchargement des données de la table `link_rewards_to_steps`
--

INSERT INTO `link_rewards_to_steps` (`id`, `rewards_id`, `step_number`, `created_at`, `updated_at`) VALUES
(1, 2, 1, '2022-05-20 11:03:43', '2022-05-20 11:03:44'),
(2, 3, 2, '2022-05-20 11:15:34', '2022-05-20 11:15:34'),
(3, 1, 2, '2022-05-20 11:15:49', '2022-05-20 11:15:50'),
(4, 4, 3, '2022-05-20 11:18:31', '2022-05-20 11:18:32'),
(5, 3, 3, '2022-05-20 11:18:40', '2022-05-20 11:18:40'),
(8, 7, 5, '2022-05-20 11:35:10', '2022-05-20 11:35:10'),
(9, 9, 6, '2022-05-25 21:29:19', '2022-05-25 21:29:20'),
(10, 8, 6, '2022-05-25 21:29:31', '2022-05-25 21:29:32'),
(14, 13, 7, '2022-05-25 23:07:12', '2022-05-25 23:07:12'),
(15, 14, 7, '2022-05-25 23:07:28', '2022-05-25 23:07:29'),
(16, 15, 7, '2022-05-25 23:07:28', '2022-05-25 23:07:29'),
(17, 16, 8, '2022-05-25 23:29:12', '2022-05-25 23:29:13'),
(18, 17, 9, '2022-05-25 23:32:11', '2022-05-25 23:32:12'),
(19, 18, 10, '2022-05-25 23:36:56', '2022-05-25 23:36:56'),
(20, 19, 11, '2022-05-26 21:40:41', '2022-05-26 21:40:41'),
(45, 6, 4, NULL, NULL),
(46, 5, 4, NULL, NULL),
(47, 31, 18, NULL, NULL),
(48, 32, 19, NULL, NULL),
(49, 33, 19, NULL, NULL),
(50, 34, 20, NULL, NULL),
(51, 35, 21, NULL, NULL),
(54, 38, 23, NULL, NULL),
(55, 46, 23, NULL, NULL),
(56, 39, 24, NULL, NULL),
(57, 2, 24, NULL, NULL),
(58, 2, 22, NULL, NULL),
(59, 36, 22, NULL, NULL),
(60, 40, 25, NULL, NULL),
(61, 41, 25, NULL, NULL),
(62, 6, 26, NULL, NULL),
(63, 42, 26, NULL, NULL),
(64, 6, 27, NULL, NULL),
(65, 43, 27, NULL, NULL),
(66, 31, 28, NULL, NULL),
(67, 44, 28, NULL, NULL),
(68, 31, 29, NULL, NULL),
(69, 45, 29, NULL, NULL),
(70, 47, 30, NULL, NULL),
(71, 46, 30, NULL, NULL),
(72, 48, 31, NULL, NULL),
(73, 34, 31, NULL, NULL),
(74, 49, 32, NULL, NULL),
(75, 50, 33, NULL, NULL),
(76, 51, 33, NULL, NULL),
(77, 52, 34, NULL, NULL),
(78, 35, 35, NULL, NULL),
(79, 53, 35, NULL, NULL),
(81, 55, 37, NULL, NULL),
(82, 54, 36, NULL, NULL),
(83, 56, 38, NULL, NULL),
(84, 57, 39, NULL, NULL),
(85, 58, 39, NULL, NULL),
(95, 22, 46, NULL, NULL),
(96, 21, 46, NULL, NULL),
(97, 20, 46, NULL, NULL),
(98, 23, 46, NULL, NULL),
(99, 60, 47, NULL, NULL),
(103, 61, 48, NULL, NULL),
(104, 62, 48, NULL, NULL),
(105, 64, 49, NULL, NULL),
(106, 63, 49, NULL, NULL),
(107, 66, 51, NULL, NULL),
(108, 65, 51, NULL, NULL),
(109, 67, 52, NULL, NULL),
(110, 21, 53, NULL, NULL),
(111, 9, 53, NULL, NULL),
(112, 68, 54, NULL, NULL),
(113, 70, 54, NULL, NULL),
(115, 71, 55, NULL, NULL),
(116, 72, 56, NULL, NULL),
(117, 69, 57, NULL, NULL),
(118, 73, 57, NULL, NULL),
(119, 75, 58, NULL, NULL),
(120, 74, 58, NULL, NULL),
(121, 77, 59, NULL, NULL),
(122, 78, 60, NULL, NULL),
(123, 79, 61, NULL, NULL),
(124, 80, 61, NULL, NULL),
(125, 82, 62, NULL, NULL),
(126, 81, 62, NULL, NULL),
(127, 83, 63, NULL, NULL),
(128, 85, 63, NULL, NULL),
(129, 84, 64, NULL, NULL),
(130, 86, 64, NULL, NULL),
(131, 86, 65, NULL, NULL),
(132, 91, 65, NULL, NULL),
(133, 92, 66, NULL, NULL),
(134, 88, 66, NULL, NULL),
(135, 93, 67, NULL, NULL),
(136, 89, 67, NULL, NULL),
(137, 90, 68, NULL, NULL),
(138, 94, 69, NULL, NULL),
(139, 95, 69, NULL, NULL),
(140, 96, 70, NULL, NULL),
(141, 97, 71, NULL, NULL),
(145, 98, 75, NULL, NULL),
(146, 99, 76, NULL, NULL),
(147, 100, 77, NULL, NULL),
(148, 103, 78, NULL, NULL),
(151, 101, 79, NULL, NULL),
(152, 104, 79, NULL, NULL),
(153, 105, 80, NULL, NULL),
(154, 106, 81, NULL, NULL),
(155, 107, 82, NULL, NULL),
(156, 108, 83, NULL, NULL),
(157, 109, 84, NULL, NULL),
(158, 110, 85, NULL, NULL),
(159, 111, 86, NULL, NULL),
(160, 112, 87, NULL, NULL),
(161, 113, 88, NULL, NULL),
(162, 102, 88, NULL, NULL),
(163, 114, 89, NULL, NULL),
(164, 93, 90, NULL, NULL),
(165, 116, 90, NULL, NULL),
(166, 129, 91, NULL, NULL),
(167, 129, 92, NULL, NULL),
(168, 23, 93, NULL, NULL),
(169, 119, 94, NULL, NULL),
(170, 120, 95, NULL, NULL),
(171, 121, 96, NULL, NULL),
(172, 122, 97, NULL, NULL),
(177, 164, 100, NULL, NULL),
(178, 165, 101, NULL, NULL),
(179, 166, 102, NULL, NULL),
(180, 168, 103, NULL, NULL),
(181, 167, 103, NULL, NULL),
(182, 169, 104, NULL, NULL),
(183, 99, 104, NULL, NULL),
(184, 167, 105, NULL, NULL),
(185, 170, 106, NULL, NULL),
(186, 171, 107, NULL, NULL),
(187, 167, 107, NULL, NULL),
(190, 173, 108, NULL, NULL),
(191, 167, 108, NULL, NULL),
(192, 172, 109, NULL, NULL),
(193, 167, 110, NULL, NULL),
(194, 80, 111, NULL, NULL),
(195, 174, 112, NULL, NULL),
(196, 175, 112, NULL, NULL),
(197, 166, 113, NULL, NULL),
(198, 164, 114, NULL, NULL),
(199, 167, 114, NULL, NULL),
(200, 166, 115, NULL, NULL),
(203, 166, 117, NULL, NULL),
(204, 18, 116, NULL, NULL),
(205, 167, 116, NULL, NULL),
(206, 83, 118, NULL, NULL),
(207, 167, 118, NULL, NULL),
(208, 167, 119, NULL, NULL),
(209, 176, 120, NULL, NULL),
(210, 99, 120, NULL, NULL),
(211, 177, 121, NULL, NULL),
(212, 178, 122, NULL, NULL),
(213, 166, 123, NULL, NULL),
(214, 169, 124, NULL, NULL),
(215, 99, 124, NULL, NULL),
(216, 179, 125, NULL, NULL),
(217, 180, 126, NULL, NULL),
(218, 167, 126, NULL, NULL),
(222, 166, 127, NULL, NULL),
(223, 164, 128, NULL, NULL),
(224, 167, 128, NULL, NULL),
(225, 166, 129, NULL, NULL),
(226, 178, 130, NULL, NULL),
(227, 181, 131, NULL, NULL),
(228, 171, 132, NULL, NULL),
(229, 167, 132, NULL, NULL),
(230, 180, 133, NULL, NULL),
(231, 167, 133, NULL, NULL),
(232, 168, 134, NULL, NULL),
(233, 167, 134, NULL, NULL),
(234, 83, 135, NULL, NULL),
(235, 176, 136, NULL, NULL),
(236, 167, 136, NULL, NULL),
(238, 171, 138, NULL, NULL),
(239, 167, 138, NULL, NULL),
(240, 80, 137, NULL, NULL),
(241, 167, 137, NULL, NULL),
(242, 166, 139, NULL, NULL),
(243, 165, 140, NULL, NULL),
(244, 167, 140, NULL, NULL),
(246, 166, 141, NULL, NULL),
(247, 182, 142, NULL, NULL),
(248, 183, 143, NULL, NULL),
(249, 184, 144, NULL, NULL),
(250, 176, 144, NULL, NULL),
(251, 185, 145, NULL, NULL),
(252, 15, 146, NULL, NULL),
(253, 14, 147, NULL, NULL),
(254, 188, 148, NULL, NULL),
(255, 124, 99, NULL, NULL),
(256, 123, 98, NULL, NULL),
(257, 125, 149, NULL, NULL),
(260, 127, 166, NULL, NULL),
(261, 126, 166, NULL, NULL),
(262, 130, 167, NULL, NULL),
(263, 128, 168, NULL, NULL),
(264, 131, 168, NULL, NULL),
(267, 133, 169, NULL, NULL),
(268, 132, 169, NULL, NULL),
(269, 134, 170, NULL, NULL),
(270, 140, 170, NULL, NULL),
(271, 141, 171, NULL, NULL),
(272, 135, 172, NULL, NULL),
(273, 142, 172, NULL, NULL),
(274, 143, 176, NULL, NULL),
(275, 136, 177, NULL, NULL),
(276, 144, 177, NULL, NULL),
(277, 145, 178, NULL, NULL),
(280, 149, 179, NULL, NULL),
(281, 11, 180, NULL, NULL),
(282, 150, 180, NULL, NULL),
(283, 151, 181, NULL, NULL),
(284, 152, 184, NULL, NULL),
(285, 153, 185, NULL, NULL),
(286, 154, 186, NULL, NULL),
(287, 155, 187, NULL, NULL),
(290, 157, 191, NULL, NULL),
(291, 156, 188, NULL, NULL),
(292, 81, 192, NULL, NULL),
(293, 158, 192, NULL, NULL),
(294, 148, 193, NULL, NULL),
(295, 159, 193, NULL, NULL),
(296, 160, 194, NULL, NULL),
(297, 161, 195, NULL, NULL),
(298, 146, 196, NULL, NULL),
(299, 162, 196, NULL, NULL),
(302, 163, 197, NULL, NULL),
(303, 137, 198, NULL, NULL),
(304, 147, 198, NULL, NULL),
(305, 183, 199, NULL, NULL),
(306, 183, 200, NULL, NULL),
(307, 189, 201, NULL, NULL),
(308, 225, 202, NULL, NULL),
(309, 190, 203, NULL, NULL),
(310, 191, 204, NULL, NULL),
(311, 7, 205, NULL, NULL),
(312, 218, 206, NULL, NULL),
(313, 192, 207, NULL, NULL),
(314, 13, 208, NULL, NULL),
(316, 219, 212, NULL, NULL),
(317, 166, 213, NULL, NULL),
(318, 166, 214, NULL, NULL),
(319, 166, 215, NULL, NULL),
(320, 166, 216, NULL, NULL),
(321, 166, 217, NULL, NULL),
(323, 166, 218, NULL, NULL),
(324, 166, 219, NULL, NULL),
(325, 166, 220, NULL, NULL),
(327, 220, 222, NULL, NULL),
(328, 219, 223, NULL, NULL),
(329, 221, 224, NULL, NULL),
(330, 166, 225, NULL, NULL),
(331, 222, 226, NULL, NULL),
(332, 183, 227, NULL, NULL),
(333, 166, 228, NULL, NULL),
(334, 223, 232, NULL, NULL),
(337, 193, 233, NULL, NULL),
(339, 220, 235, NULL, NULL),
(342, 222, 238, NULL, NULL),
(343, 194, 239, NULL, NULL),
(344, 183, 240, NULL, NULL),
(345, 189, 241, NULL, NULL),
(346, 226, 242, NULL, NULL),
(347, 220, 243, NULL, NULL),
(348, 183, 244, NULL, NULL),
(349, 195, 245, NULL, NULL),
(351, 166, 246, NULL, NULL),
(353, 166, 247, NULL, NULL),
(354, 218, 248, NULL, NULL),
(355, 219, 249, NULL, NULL),
(356, 220, 250, NULL, NULL),
(357, 183, 251, NULL, NULL),
(358, 183, 252, NULL, NULL),
(359, 189, 253, NULL, NULL),
(360, 196, 254, NULL, NULL),
(361, 221, 255, NULL, NULL),
(362, 225, 256, NULL, NULL),
(364, 224, 257, NULL, NULL),
(365, 225, 258, NULL, NULL),
(367, 227, 261, NULL, NULL),
(368, 183, 259, NULL, NULL),
(369, 228, 262, NULL, NULL),
(370, 257, 263, NULL, NULL),
(371, 229, 264, NULL, NULL),
(372, 258, 265, NULL, NULL),
(373, 18, 266, NULL, NULL),
(374, 230, 267, NULL, NULL),
(375, 259, 268, NULL, NULL),
(376, 223, 269, NULL, NULL),
(378, 260, 270, NULL, NULL),
(379, 7, 271, NULL, NULL),
(380, 261, 272, NULL, NULL),
(381, 262, 273, NULL, NULL),
(382, 231, 274, NULL, NULL),
(383, 146, 275, NULL, NULL),
(384, 232, 276, NULL, NULL),
(385, 263, 277, NULL, NULL),
(386, 233, 279, NULL, NULL),
(388, 234, 280, NULL, NULL),
(389, 264, 281, NULL, NULL),
(390, 235, 282, NULL, NULL),
(391, 265, 283, NULL, NULL),
(392, 230, 284, NULL, NULL),
(393, 197, 285, NULL, NULL),
(394, 236, 286, NULL, NULL),
(396, 266, 287, NULL, NULL),
(397, 232, 288, NULL, NULL),
(398, 198, 289, NULL, NULL),
(399, 220, 290, NULL, NULL),
(400, 220, 291, NULL, NULL),
(401, 267, 292, NULL, NULL),
(402, 235, 295, NULL, NULL),
(404, 237, 296, NULL, NULL),
(405, 268, 297, NULL, NULL),
(406, 234, 298, NULL, NULL),
(407, 269, 299, NULL, NULL),
(408, 238, 300, NULL, NULL),
(409, 239, 301, NULL, NULL),
(410, 270, 302, NULL, NULL),
(412, 18, 303, NULL, NULL),
(413, 271, 304, NULL, NULL),
(414, 240, 305, NULL, NULL),
(416, 233, 306, NULL, NULL),
(417, 273, 307, NULL, NULL),
(418, 232, 308, NULL, NULL),
(419, 241, 311, NULL, NULL),
(420, 272, 312, NULL, NULL),
(421, 220, 313, NULL, NULL),
(422, 274, 314, NULL, NULL),
(423, 189, 237, NULL, NULL),
(424, 183, 236, NULL, NULL),
(425, 183, 234, NULL, NULL);

-- --------------------------------------------------------

--
-- Structure de la table `link_win_conditions_to_steps`
--

CREATE TABLE `link_win_conditions_to_steps` (
  `id` bigint(20) UNSIGNED NOT NULL,
  `conditions_id` bigint(20) UNSIGNED NOT NULL,
  `step_number` bigint(20) UNSIGNED NOT NULL,
  `created_at` timestamp NULL DEFAULT NULL,
  `updated_at` timestamp NULL DEFAULT NULL
) ENGINE=InnoDB DEFAULT CHARSET=utf8mb4 COLLATE=utf8mb4_unicode_ci;

--
-- Déchargement des données de la table `link_win_conditions_to_steps`
--

INSERT INTO `link_win_conditions_to_steps` (`id`, `conditions_id`, `step_number`, `created_at`, `updated_at`) VALUES
(1, 1, 1, '2022-05-20 10:55:51', '2022-05-20 10:55:51'),
(2, 2, 2, '2022-05-20 11:16:08', '2022-05-20 11:16:08'),
(3, 1, 3, '2022-05-20 11:17:39', '2022-05-20 11:17:39'),
(5, 1, 5, '2022-05-20 11:36:32', '2022-05-20 11:36:32'),
(7, 1, 6, '2022-05-25 21:29:45', '2022-05-25 21:29:46'),
(8, 5, 7, '2022-05-25 23:06:00', '2022-05-25 23:06:01'),
(9, 6, 8, '2022-05-25 23:29:28', '2022-05-25 23:29:29'),
(10, 4, 9, '2022-05-25 23:32:44', '2022-05-25 23:32:45'),
(18, 13, 11, '2022-05-26 21:41:36', '2022-05-26 21:41:37'),
(40, 4, 4, NULL, NULL),
(41, 3, 18, NULL, NULL),
(42, 1, 19, NULL, NULL),
(43, 23, 20, NULL, NULL),
(44, 22, 21, NULL, NULL),
(46, 4, 23, NULL, NULL),
(47, 4, 24, NULL, NULL),
(48, 1, 22, NULL, NULL),
(49, 4, 25, NULL, NULL),
(50, 1, 26, NULL, NULL),
(51, 3, 27, NULL, NULL),
(52, 2, 28, NULL, NULL),
(53, 4, 29, NULL, NULL),
(54, 4, 30, NULL, NULL),
(55, 4, 31, NULL, NULL),
(56, 3, 32, NULL, NULL),
(57, 1, 33, NULL, NULL),
(58, 4, 34, NULL, NULL),
(59, 2, 35, NULL, NULL),
(61, 4, 37, NULL, NULL),
(62, 4, 36, NULL, NULL),
(63, 1, 38, NULL, NULL),
(64, 1, 39, NULL, NULL),
(72, 14, 46, NULL, NULL),
(73, 15, 46, NULL, NULL),
(74, 16, 46, NULL, NULL),
(76, 1, 47, NULL, NULL),
(77, 3, 48, NULL, NULL),
(79, 4, 49, NULL, NULL),
(80, 25, 49, NULL, NULL),
(83, 2, 51, NULL, NULL),
(84, 11, 51, NULL, NULL),
(86, 2, 52, NULL, NULL),
(87, 1, 53, NULL, NULL),
(88, 1, 54, NULL, NULL),
(90, 1, 55, NULL, NULL),
(91, 3, 56, NULL, NULL),
(92, 3, 57, NULL, NULL),
(93, 1, 58, NULL, NULL),
(94, 2, 59, NULL, NULL),
(95, 7, 59, NULL, NULL),
(96, 1, 60, NULL, NULL),
(97, 2, 61, NULL, NULL),
(98, 26, 62, NULL, NULL),
(99, 4, 63, NULL, NULL),
(100, 4, 64, NULL, NULL),
(101, 26, 65, NULL, NULL),
(102, 26, 66, NULL, NULL),
(103, 27, 67, NULL, NULL),
(104, 2, 68, NULL, NULL),
(105, 4, 69, NULL, NULL),
(106, 4, 70, NULL, NULL),
(107, 4, 71, NULL, NULL),
(111, 3, 75, NULL, NULL),
(112, 12, 75, NULL, NULL),
(113, 1, 76, NULL, NULL),
(114, 4, 77, NULL, NULL),
(115, 1, 78, NULL, NULL),
(117, 2, 79, NULL, NULL),
(118, 28, 79, NULL, NULL),
(119, 2, 80, NULL, NULL),
(120, 29, 80, NULL, NULL),
(121, 1, 81, NULL, NULL),
(122, 4, 82, NULL, NULL),
(123, 2, 83, NULL, NULL),
(124, 30, 83, NULL, NULL),
(125, 2, 84, NULL, NULL),
(126, 31, 84, NULL, NULL),
(127, 2, 85, NULL, NULL),
(128, 32, 85, NULL, NULL),
(129, 2, 86, NULL, NULL),
(130, 33, 86, NULL, NULL),
(131, 1, 87, NULL, NULL),
(132, 26, 88, NULL, NULL),
(133, 3, 89, NULL, NULL),
(134, 34, 90, NULL, NULL),
(135, 3, 91, NULL, NULL),
(136, 2, 91, NULL, NULL),
(137, 3, 92, NULL, NULL),
(138, 2, 92, NULL, NULL),
(139, 3, 93, NULL, NULL),
(140, 5, 94, NULL, NULL),
(141, 1, 95, NULL, NULL),
(142, 35, 96, NULL, NULL),
(143, 35, 97, NULL, NULL),
(148, 4, 100, NULL, NULL),
(149, 2, 101, NULL, NULL),
(150, 4, 102, NULL, NULL),
(151, 2, 103, NULL, NULL),
(152, 37, 104, NULL, NULL),
(153, 4, 105, NULL, NULL),
(154, 2, 106, NULL, NULL),
(155, 4, 107, NULL, NULL),
(158, 2, 108, NULL, NULL),
(159, 12, 108, NULL, NULL),
(160, 2, 109, NULL, NULL),
(161, 37, 110, NULL, NULL),
(162, 1, 111, NULL, NULL),
(163, 37, 112, NULL, NULL),
(164, 4, 113, NULL, NULL),
(165, 4, 114, NULL, NULL),
(166, 4, 115, NULL, NULL),
(168, 2, 117, NULL, NULL),
(169, 2, 116, NULL, NULL),
(170, 2, 118, NULL, NULL),
(171, 2, 119, NULL, NULL),
(172, 4, 120, NULL, NULL),
(173, 11, 120, NULL, NULL),
(174, 4, 121, NULL, NULL),
(175, 2, 122, NULL, NULL),
(176, 37, 123, NULL, NULL),
(177, 37, 124, NULL, NULL),
(178, 37, 125, NULL, NULL),
(179, 2, 126, NULL, NULL),
(183, 2, 127, NULL, NULL),
(184, 4, 128, NULL, NULL),
(185, 10, 128, NULL, NULL),
(186, 2, 129, NULL, NULL),
(187, 2, 130, NULL, NULL),
(188, 1, 131, NULL, NULL),
(189, 4, 132, NULL, NULL),
(190, 4, 133, NULL, NULL),
(191, 4, 134, NULL, NULL),
(192, 4, 135, NULL, NULL),
(193, 4, 136, NULL, NULL),
(195, 4, 138, NULL, NULL),
(196, 4, 137, NULL, NULL),
(197, 3, 139, NULL, NULL),
(198, 4, 140, NULL, NULL),
(200, 4, 141, NULL, NULL),
(201, 1, 142, NULL, NULL),
(202, 2, 143, NULL, NULL),
(203, 2, 144, NULL, NULL),
(204, 3, 145, NULL, NULL),
(205, 8, 145, NULL, NULL),
(206, 3, 146, NULL, NULL),
(207, 3, 147, NULL, NULL),
(208, 3, 148, NULL, NULL),
(209, 4, 99, NULL, NULL),
(210, 1, 98, NULL, NULL),
(211, 4, 149, NULL, NULL),
(213, 3, 166, NULL, NULL),
(214, 2, 167, NULL, NULL),
(215, 3, 168, NULL, NULL),
(217, 3, 169, NULL, NULL),
(218, 4, 170, NULL, NULL),
(219, 4, 171, NULL, NULL),
(220, 3, 172, NULL, NULL),
(221, 4, 176, NULL, NULL),
(222, 1, 177, NULL, NULL),
(223, 2, 178, NULL, NULL),
(225, 4, 179, NULL, NULL),
(226, 1, 180, NULL, NULL),
(227, 2, 181, NULL, NULL),
(228, 4, 181, NULL, NULL),
(229, 4, 184, NULL, NULL),
(230, 4, 185, NULL, NULL),
(231, 4, 186, NULL, NULL),
(232, 4, 187, NULL, NULL),
(235, 4, 191, NULL, NULL),
(236, 4, 188, NULL, NULL),
(237, 4, 192, NULL, NULL),
(238, 4, 193, NULL, NULL),
(239, 12, 193, NULL, NULL),
(240, 4, 194, NULL, NULL),
(241, 2, 195, NULL, NULL),
(242, 4, 196, NULL, NULL),
(247, 4, 197, NULL, NULL),
(248, 8, 197, NULL, NULL),
(249, 1, 198, NULL, NULL),
(250, 1, 199, NULL, NULL),
(251, 1, 200, NULL, NULL),
(252, 1, 201, NULL, NULL),
(253, 1, 202, NULL, NULL),
(254, 4, 203, NULL, NULL),
(255, 4, 204, NULL, NULL),
(256, 38, 205, NULL, NULL),
(257, 39, 206, NULL, NULL),
(258, 1, 207, NULL, NULL),
(259, 2, 208, NULL, NULL),
(261, 4, 212, NULL, NULL),
(262, 40, 212, NULL, NULL),
(263, 4, 213, NULL, NULL),
(264, 26, 214, NULL, NULL),
(265, 26, 215, NULL, NULL),
(266, 26, 216, NULL, NULL),
(267, 26, 217, NULL, NULL),
(269, 41, 218, NULL, NULL),
(270, 41, 219, NULL, NULL),
(271, 41, 220, NULL, NULL),
(273, 1, 222, NULL, NULL),
(275, 2, 223, NULL, NULL),
(276, 4, 224, NULL, NULL),
(277, 4, 225, NULL, NULL),
(278, 2, 226, NULL, NULL),
(279, 4, 227, NULL, NULL),
(280, 1, 228, NULL, NULL),
(281, 2, 232, NULL, NULL),
(284, 2, 233, NULL, NULL),
(286, 1, 235, NULL, NULL),
(289, 42, 238, NULL, NULL),
(290, 4, 239, NULL, NULL),
(291, 1, 240, NULL, NULL),
(292, 1, 241, NULL, NULL),
(293, 2, 242, NULL, NULL),
(294, 2, 243, NULL, NULL),
(295, 4, 244, NULL, NULL),
(296, 3, 245, NULL, NULL),
(298, 1, 246, NULL, NULL),
(300, 4, 247, NULL, NULL),
(301, 2, 248, NULL, NULL),
(302, 4, 249, NULL, NULL),
(303, 1, 250, NULL, NULL),
(304, 4, 251, NULL, NULL),
(305, 2, 252, NULL, NULL),
(306, 1, 253, NULL, NULL),
(307, 4, 254, NULL, NULL),
(310, 4, 255, NULL, NULL),
(311, 2, 256, NULL, NULL),
(313, 2, 257, NULL, NULL),
(314, 1, 258, NULL, NULL),
(316, 4, 261, NULL, NULL),
(317, 1, 259, NULL, NULL),
(318, 2, 262, NULL, NULL),
(319, 2, 263, NULL, NULL),
(320, 4, 264, NULL, NULL),
(321, 4, 265, NULL, NULL),
(322, 2, 266, NULL, NULL),
(323, 2, 267, NULL, NULL),
(324, 4, 268, NULL, NULL),
(325, 4, 269, NULL, NULL),
(327, 4, 270, NULL, NULL),
(328, 2, 271, NULL, NULL),
(329, 4, 272, NULL, NULL),
(330, 2, 273, NULL, NULL),
(331, 2, 274, NULL, NULL),
(332, 3, 275, NULL, NULL),
(333, 8, 275, NULL, NULL),
(334, 1, 276, NULL, NULL),
(335, 1, 277, NULL, NULL),
(336, 46, 279, NULL, NULL),
(338, 4, 280, NULL, NULL),
(339, 4, 281, NULL, NULL),
(340, 4, 282, NULL, NULL),
(341, 4, 283, NULL, NULL),
(342, 1, 284, NULL, NULL),
(343, 43, 285, NULL, NULL),
(344, 4, 286, NULL, NULL),
(346, 4, 287, NULL, NULL),
(347, 4, 288, NULL, NULL),
(348, 1, 289, NULL, NULL),
(349, 4, 290, NULL, NULL),
(350, 2, 291, NULL, NULL),
(351, 37, 292, NULL, NULL),
(352, 37, 295, NULL, NULL),
(354, 37, 296, NULL, NULL),
(355, 4, 297, NULL, NULL),
(356, 4, 298, NULL, NULL),
(357, 4, 299, NULL, NULL),
(358, 4, 300, NULL, NULL),
(359, 4, 301, NULL, NULL),
(360, 4, 302, NULL, NULL),
(362, 4, 303, NULL, NULL),
(363, 4, 304, NULL, NULL),
(364, 4, 305, NULL, NULL),
(366, 4, 306, NULL, NULL),
(367, 4, 307, NULL, NULL),
(368, 4, 308, NULL, NULL),
(369, 4, 311, NULL, NULL),
(370, 4, 312, NULL, NULL),
(371, 1, 313, NULL, NULL),
(372, 4, 314, NULL, NULL),
(373, 4, 237, NULL, NULL),
(374, 2, 236, NULL, NULL),
(375, 4, 234, NULL, NULL);

-- --------------------------------------------------------

--
-- Structure de la table `main_stories`
--

CREATE TABLE `main_stories` (
  `id` bigint(20) UNSIGNED NOT NULL,
  `name` varchar(255) COLLATE utf8mb4_unicode_ci NOT NULL,
  `created_at` timestamp NULL DEFAULT NULL,
  `updated_at` timestamp NULL DEFAULT NULL
) ENGINE=InnoDB DEFAULT CHARSET=utf8mb4 COLLATE=utf8mb4_unicode_ci;

--
-- Déchargement des données de la table `main_stories`
--

INSERT INTO `main_stories` (`id`, `name`, `created_at`, `updated_at`) VALUES
(1, 'Mode Aventure : Normale', '2022-05-20 10:37:07', '2022-05-20 10:37:07'),
(2, 'Mode Aventure : Hard', '2022-05-20 10:37:18', '2022-05-20 10:37:18'),
(100, 'Quêtes Annexes', NULL, '2022-06-14 14:40:22'),
(150, 'Aucune', NULL, '2022-06-14 14:40:58');

-- --------------------------------------------------------

--
-- Structure de la table `map_cases`
--

CREATE TABLE `map_cases` (
  `id` bigint(20) UNSIGNED NOT NULL,
  `case` varchar(20) COLLATE utf8mb4_unicode_ci NOT NULL,
  `created_at` timestamp NULL DEFAULT NULL,
  `updated_at` timestamp NULL DEFAULT NULL
) ENGINE=InnoDB DEFAULT CHARSET=utf8mb4 COLLATE=utf8mb4_unicode_ci;

--
-- Déchargement des données de la table `map_cases`
--

INSERT INTO `map_cases` (`id`, `case`, `created_at`, `updated_at`) VALUES
(1, 'A-1', '2022-05-18 20:03:07', '2022-05-18 20:03:07'),
(2, 'A-2', '2022-05-19 16:40:31', '2022-05-19 16:40:31'),
(3, 'A-3', '2022-05-19 16:40:48', '2022-05-19 16:40:48'),
(4, 'A-4', '2022-05-19 16:41:06', '2022-05-19 16:41:07'),
(5, 'A-5', '2022-05-19 16:49:04', '2022-05-19 16:49:04'),
(6, 'A-6', '2022-05-19 16:49:05', '2022-05-19 16:49:05'),
(7, 'A-7', '2022-05-19 16:49:06', '2022-05-19 16:49:06'),
(8, 'A-8', '2022-05-19 16:49:06', '2022-05-19 16:49:07'),
(9, 'A-9', '2022-05-19 16:49:07', '2022-05-19 16:49:08'),
(10, 'B-1', '2022-05-19 16:49:08', '2022-05-19 16:49:08'),
(11, 'B-2', '2022-05-19 16:49:08', '2022-05-19 16:49:08'),
(12, 'B-3', '2022-05-19 16:49:08', '2022-05-19 16:49:08'),
(13, 'B-4', '2022-05-19 16:49:08', '2022-05-19 16:49:08'),
(14, 'B-5', '2022-05-19 16:49:08', '2022-05-19 16:49:08'),
(15, 'B-6', '2022-05-19 16:49:08', '2022-05-19 16:49:08'),
(16, 'B-7', '2022-05-19 16:49:08', '2022-05-19 16:49:09'),
(17, 'B-8', '2022-05-19 16:49:09', '2022-05-19 16:49:09'),
(18, 'B-9', '2022-05-19 16:49:09', '2022-05-19 16:49:09'),
(19, 'C-1', '2022-05-19 16:49:09', '2022-05-19 16:49:09'),
(20, 'C-2', '2022-05-19 16:49:09', '2022-05-19 16:49:09'),
(21, 'C-3', '2022-05-19 16:49:09', '2022-05-19 16:49:09'),
(22, 'C-4', '2022-05-19 16:49:09', '2022-05-19 16:49:09'),
(23, 'C-5', '2022-05-19 16:49:10', '2022-05-19 16:49:10'),
(24, 'C-6', '2022-05-19 16:49:10', '2022-05-19 16:49:10'),
(25, 'C-7', '2022-05-19 16:49:10', '2022-05-19 16:49:10'),
(26, 'C-8', '2022-05-19 16:49:10', '2022-05-19 16:49:10'),
(27, 'C-9', '2022-05-19 16:49:10', '2022-05-19 16:49:10'),
(28, 'D-1', '2022-05-19 16:49:10', '2022-05-19 16:49:10'),
(29, 'D-2', '2022-05-19 16:49:10', '2022-05-19 16:49:10'),
(30, 'D-3', '2022-05-19 16:49:11', '2022-05-19 16:49:11'),
(31, 'D-4', '2022-05-19 16:49:11', '2022-05-19 16:49:11'),
(32, 'D-5', '2022-05-19 16:49:11', '2022-05-19 16:49:11'),
(33, 'D-6', '2022-05-19 16:49:11', '2022-05-19 16:49:11'),
(34, 'D-7', '2022-05-19 16:49:11', '2022-05-19 16:49:11'),
(35, 'D-8', '2022-05-19 16:49:11', '2022-05-19 16:49:11'),
(36, 'D-9', '2022-05-19 16:49:11', '2022-05-19 16:49:11'),
(37, 'E-1', '2022-05-19 16:49:12', '2022-05-19 16:49:12'),
(38, 'E-2', '2022-05-19 16:49:12', '2022-05-19 16:49:12'),
(39, 'E-3', '2022-05-19 16:49:12', '2022-05-19 16:49:12'),
(40, 'E-4', '2022-05-19 16:49:12', '2022-05-19 16:49:12'),
(41, 'E-5', '2022-05-19 16:49:12', '2022-05-19 16:49:12'),
(42, 'E-6', '2022-05-19 16:49:12', '2022-05-19 16:49:12'),
(43, 'E-7', '2022-05-19 16:49:12', '2022-05-19 16:49:12'),
(44, 'E-8', '2022-05-19 16:49:12', '2022-05-19 16:49:13'),
(45, 'E-9', '2022-05-19 16:49:13', '2022-05-19 16:49:13'),
(46, 'F-1', '2022-05-19 16:49:13', '2022-05-19 16:49:13'),
(47, 'F-2', '2022-05-19 16:49:13', '2022-05-19 16:49:13'),
(48, 'F-3', '2022-05-19 16:49:13', '2022-05-19 16:49:13'),
(49, 'F-4', '2022-05-19 16:49:13', '2022-05-19 16:49:13'),
(50, 'F-5', '2022-05-19 16:49:13', '2022-05-19 16:49:13'),
(51, 'F-6', '2022-05-19 16:49:13', '2022-05-19 16:49:13'),
(52, 'F-7', '2022-05-19 16:49:14', '2022-05-19 16:49:14'),
(53, 'F-8', '2022-05-19 16:49:14', '2022-05-19 16:49:14'),
(54, 'F-9', '2022-05-19 16:49:14', '2022-05-19 16:49:14'),
(55, 'G-1', '2022-05-19 16:49:14', '2022-05-19 16:49:14'),
(56, 'G-2', '2022-05-19 16:49:14', '2022-05-19 16:49:14'),
(57, 'G-3', '2022-05-19 16:49:14', '2022-05-19 16:49:14'),
(58, 'G-4', '2022-05-19 16:49:14', '2022-05-19 16:49:14'),
(59, 'G-5', '2022-05-19 16:49:14', '2022-05-19 16:49:15'),
(60, 'G-6', '2022-05-19 16:49:16', '2022-05-19 16:49:16'),
(61, 'G-7', '2022-05-19 16:49:16', '2022-05-19 16:49:16'),
(62, 'G-8', '2022-05-19 16:49:16', '2022-05-19 16:49:16'),
(63, 'G-9', '2022-05-19 16:49:16', '2022-05-19 16:49:16'),
(64, 'H-1', '2022-05-19 16:49:16', '2022-05-19 16:49:16'),
(65, 'H-2', '2022-05-19 16:49:17', '2022-05-19 16:49:17'),
(66, 'H-3', '2022-05-19 16:49:17', '2022-05-19 16:49:17'),
(67, 'H-4', '2022-05-19 16:49:17', '2022-05-19 16:49:17'),
(68, 'H-5', '2022-05-19 16:49:17', '2022-05-19 16:49:17'),
(69, 'H-6', '2022-05-19 16:49:17', '2022-05-19 16:49:17'),
(70, 'H-7', '2022-05-19 16:49:17', '2022-05-19 16:49:17'),
(71, 'H-8', '2022-05-19 16:49:17', '2022-05-19 16:49:17'),
(72, 'H-9', '2022-05-19 16:49:17', '2022-05-19 16:49:17'),
(73, 'I-1', '2022-05-19 16:49:18', '2022-05-19 16:49:18'),
(74, 'I-2', '2022-05-19 16:49:18', '2022-05-19 16:49:18'),
(75, 'I-3', '2022-05-19 16:49:18', '2022-05-19 16:49:18'),
(76, 'I-4', '2022-05-19 16:49:18', '2022-05-19 16:49:18'),
(77, 'I-5', '2022-05-19 16:49:18', '2022-05-19 16:49:18'),
(78, 'I-6', '2022-05-19 16:49:18', '2022-05-19 16:49:18'),
(79, 'I-7', '2022-05-19 16:49:18', '2022-05-19 16:49:18'),
(80, 'I-8', '2022-05-19 16:49:19', '2022-05-19 16:49:19'),
(81, 'I-9', '2022-05-19 16:49:19', '2022-05-19 16:49:19'),
(82, 'J-1', '2022-05-19 16:49:19', '2022-05-19 16:49:19'),
(83, 'J-2', '2022-05-19 16:49:19', '2022-05-19 16:49:19'),
(84, 'J-3', '2022-05-19 16:49:19', '2022-05-19 16:49:19'),
(85, 'J-4', '2022-05-19 16:49:19', '2022-05-19 16:49:19'),
(86, 'J-5', '2022-05-19 16:49:19', '2022-05-19 16:49:19'),
(87, 'J-6', '2022-05-19 16:49:19', '2022-05-19 16:49:19'),
(88, 'J-7', '2022-05-19 16:49:20', '2022-05-19 16:49:20'),
(89, 'J-8', '2022-05-19 16:49:20', '2022-05-19 16:49:20'),
(90, 'J-9', '2022-05-19 16:49:20', '2022-05-19 16:49:20');

-- --------------------------------------------------------

--
-- Structure de la table `migrations`
--

CREATE TABLE `migrations` (
  `id` int(10) UNSIGNED NOT NULL,
  `migration` varchar(255) COLLATE utf8mb4_unicode_ci NOT NULL,
  `batch` int(11) NOT NULL
) ENGINE=InnoDB DEFAULT CHARSET=utf8mb4 COLLATE=utf8mb4_unicode_ci;

--
-- Déchargement des données de la table `migrations`
--

INSERT INTO `migrations` (`id`, `migration`, `batch`) VALUES
(1, '2014_10_12_000000_create_users_table', 1),
(2, '2014_10_12_100000_create_password_resets_table', 1),
(3, '2019_08_19_000000_create_failed_jobs_table', 1),
(4, '2019_12_14_000001_create_personal_access_tokens_table', 1),
(6, '2022_05_18_155000_create_waiting_durations_table', 1),
(7, '2022_05_18_156000_create_stories_table', 1),
(8, '2022_05_18_157000_create_object_durations_table', 1),
(9, '2022_05_18_158000_create_map_cases_table', 1),
(10, '2022_05_18_159000_create_planets_table', 1),
(11, '2022_05_18_160000_create_caps_scarecities_table', 1),
(12, '2022_05_18_161000_create_caps_table', 1),
(13, '2022_05_18_164830_object_item', 1),
(14, '2022_05_18_164901_create_characters_table', 1),
(15, '2022_05_18_165629_create_trains_table', 1),
(16, '2022_05_18_194422_create_works_table', 1),
(20, '2022_05_18_152000_create_win_condition_bases_table', 3),
(23, '2022_05_18_153000_create_main_stories_table', 5),
(24, '2022_05_18_199000_create_win_conditions_table', 6),
(26, '2022_05_20_104514_create_link_win_conditions_to_steps_table', 7),
(27, '2022_05_20_104456_create_link_rewards_to_steps_table', 8),
(29, '2022_05_21_201000_create_adventure_modes_table', 9),
(30, '2014_10_12_200000_add_two_factor_columns_to_users_table', 10),
(31, '2022_05_18_200420_create_rewards_table', 1),
(32, '2022_05_22_104456_create_link_rewards_to_steps_table', 1),
(33, '2022_05_22_104514_create_link_win_conditions_to_steps_table', 1),
(34, '2022_05_31_071955_add_delete_at_table', 11);

-- --------------------------------------------------------

--
-- Structure de la table `object_durations`
--

CREATE TABLE `object_durations` (
  `id` bigint(20) UNSIGNED NOT NULL,
  `duration` varchar(255) COLLATE utf8mb4_unicode_ci NOT NULL,
  `created_at` timestamp NULL DEFAULT NULL,
  `updated_at` timestamp NULL DEFAULT NULL
) ENGINE=InnoDB DEFAULT CHARSET=utf8mb4 COLLATE=utf8mb4_unicode_ci;

--
-- Déchargement des données de la table `object_durations`
--

INSERT INTO `object_durations` (`id`, `duration`, `created_at`, `updated_at`) VALUES
(1, 'Disparaît après utilisation', '2022-05-18 20:03:07', '2022-05-18 20:03:07'),
(2, '30j après obtention', '2022-05-19 23:57:43', '2022-06-11 14:08:42'),
(3, 'Illimité', '2022-05-19 23:57:43', '2022-05-19 23:57:44'),
(4, '3 jours', '2022-05-19 23:57:44', '2022-05-19 23:57:44');

-- --------------------------------------------------------

--
-- Structure de la table `object_items`
--

CREATE TABLE `object_items` (
  `id` bigint(20) UNSIGNED NOT NULL,
  `name` varchar(255) COLLATE utf8mb4_unicode_ci NOT NULL,
  `icon` varchar(255) COLLATE utf8mb4_unicode_ci NOT NULL,
  `description` text COLLATE utf8mb4_unicode_ci NOT NULL,
  `using` varchar(255) COLLATE utf8mb4_unicode_ci NOT NULL,
  `consumable` tinyint(1) NOT NULL,
  `object_duration_id` bigint(20) UNSIGNED NOT NULL,
  `created_at` timestamp NULL DEFAULT current_timestamp(),
  `updated_at` timestamp NULL DEFAULT current_timestamp()
) ENGINE=InnoDB DEFAULT CHARSET=utf8mb4 COLLATE=utf8mb4_unicode_ci;

--
-- Déchargement des données de la table `object_items`
--

INSERT INTO `object_items` (`id`, `name`, `icon`, `description`, `using`, `consumable`, `object_duration_id`, `created_at`, `updated_at`) VALUES
(1, 'Bouteille de lait', 'https://www.dragonballrebirth.fr/img/objet/lait.svg', 'Peut être acquis avec les métiers, la fouille, les quêtes et les commerces', 'Augmente l\'énergie d\'une capsule verte', 1, 1, '2022-05-18 20:03:07', '2022-06-09 18:11:42'),
(2, 'Poisson', 'https://www.dragonballrebirth.fr/img/objet/poisson.svg', 'Peut être acquérie avec les métiers, la fouille, les quêtes et les commerces', 'Augmenter la vitalité d\'une capsule verte', 0, 1, '2022-05-19 23:55:42', '2022-05-19 23:55:43'),
(3, 'Sac de Senzus', 'https://www.dragonballrebirth.fr/img/objet/sac-senzu.svg', 'Peut être acquérie avec les métiers, la fouille, les quêtes et les commerces', 'Augmenter la défense d\'une capsule verte', 0, 1, '2022-05-19 23:55:44', '2022-05-19 23:55:44'),
(4, 'Viande de dinosaure', 'https://www.dragonballrebirth.fr/img/objet/viande-dino.svg', 'Peut être acquérie avec les métiers, la fouille, les quêtes et les commerces', 'Augmenter la force d\'une capsule verte', 0, 1, '2022-05-19 23:55:45', '2022-05-19 23:55:45'),
(5, 'Nuage magique', 'https://www.dragonballrebirth.fr/img/objet/nuage.svg', 'Peut être acquérie avec les métiers, la fouille, les quêtes et les commerces', 'Ressusciter ou voyager dans le monde des morts', 0, 1, '2022-05-19 23:55:45', '2022-05-19 23:55:45'),
(6, 'Pass de Baba', 'https://www.dragonballrebirth.fr/img/objet/passe-baba_v3.svg', '', 'Ressusciter ou voyager dans le monde des morts', 1, 1, '2022-05-19 23:55:46', '2022-05-19 23:55:46'),
(7, 'Super Pass de Baba', 'https://www.dragonballrebirth.fr/img/objet/SuperPass.svg', '', 'Ressusciter tous ses personnages', 1, 1, '2022-05-19 23:55:46', '2022-05-19 23:55:46'),
(8, 'Pilule du Dr. Gero', 'https://www.dragonballrebirth.fr/img/objet/pilule-gero.svg', '', 'Répartir à nouveau les statistiques d\'un personnage', 1, 1, '2022-05-19 23:55:47', '2022-05-19 23:55:47'),
(9, 'Licence de travail', 'https://www.dragonballrebirth.fr/img/objet/Licence.svg', '', 'Envoyer un second personnage en travail', 0, 2, '2022-05-19 23:55:47', '2022-05-19 23:55:47'),
(10, 'Sac de frappe de Vegeta', 'https://www.dragonballrebirth.fr/img/objet/sac_de_frappe.svg', '', 'Obtenir un second pré-combo', 0, 3, '2022-05-19 23:55:48', '2022-05-19 23:55:48'),
(11, 'Panier de Ressource S', 'https://www.dragonballrebirth.fr/img/objet/PanierS_Paniers.svg', '', 'Permet d\'obtenir 50 ressources de manière aléatoire', 1, 1, '2022-05-19 23:55:49', '2022-05-19 23:55:49'),
(12, 'Panier de Ressource M', 'https://www.dragonballrebirth.fr/img/objet/PanierM_Paniers.svg', '', 'Permet d\'obtenir 90 ressources de manière aléatoire', 1, 1, '2022-05-19 23:55:49', '2022-05-19 23:55:49'),
(13, 'Panier de Ressource L', 'https://www.dragonballrebirth.fr/img/objet/PanierL_Paniers.svg', '', 'Permet d\'obtenir 150 ressources de manière aléatoire', 1, 1, '2022-05-19 23:55:50', '2022-05-19 23:55:50'),
(14, 'Cadeau de Noël', 'https://www.dragonballrebirth.fr/img/objet/Gift_Dragon_Ball_Z_KDO_Pioupiou_Bleu_point.svg', '', 'Permet d\'obtenir une récompense aléatoirement en l\'ouvrant', 1, 1, '2022-05-19 23:55:50', '2022-05-19 23:55:50'),
(15, 'Super Cadeau de Noël', 'https://www.dragonballrebirth.fr/img/objet/Gift_Dragon_Ball_Z_KDO_Pioupiou_Jaune.svg', '', 'Permet d\'obtenir une récompense aléatoirement en l\'ouvrant', 1, 1, '2022-05-19 23:55:51', '2022-05-19 23:55:51'),
(16, 'Œufs de Pâques', 'https://www.dragonballrebirth.fr/img/objet/easter-eggs.svg', '', 'Permet d\'obtenir des objets en l\'échangeant', 0, 1, '2022-05-19 23:55:51', '2022-05-19 23:55:51'),
(17, 'Zénis : 10k', 'https://www.dragonballrebirth.fr/img/objet/zenis.svg', '', 'Permet d\'obtenir 10 000 zénis', 1, 1, '2022-05-19 23:55:52', '2022-05-19 23:55:52'),
(18, 'Capsule en chocolat de Pâques', 'https://www.dragonballrebirth.fr/img/objet/capsule-chocolat.svg', '', 'Permet d\'obtenir une récompense aléatoirement en l\'ouvrant', 1, 1, '2022-05-19 23:55:52', '2022-05-19 23:55:52'),
(19, 'Super capsule en chocolat de Pâques', 'https://www.dragonballrebirth.fr/img/objet/capsule-chocolat.svg', '', 'Permet d\'obtenir une récompense aléatoirement en l\'ouvrant', 1, 1, '2022-05-19 23:55:53', '2022-05-19 23:55:53'),
(20, 'Médaille d\'Or', 'https://www.dragonballrebirth.fr/img/objet/1.svg', '', 'Permet d\'obtenir les récompenses du tournoi ainsi qu\'un objet : Palmarès médaille d\'or', 1, 4, '2022-05-19 23:55:54', '2022-05-19 23:55:54'),
(21, 'Médaille d\'Argent', 'https://www.dragonballrebirth.fr/img/objet/2.svg', '', 'Permet d\'obtenir les récompenses du tournoi ainsi qu\'un objet : Palmarès médaille d\'argent', 1, 4, '2022-05-19 23:55:54', '2022-05-19 23:55:54'),
(22, 'Médaille de Bronze', 'https://www.dragonballrebirth.fr/img/objet/3.svg', '', 'Permet d\'obtenir les récompenses du tournoi ainsi qu\'un objet : Palmarès médaille de bronze', 1, 4, '2022-05-19 23:55:55', '2022-05-19 23:55:55'),
(23, 'Palmarès Médaille d\'Or', 'https://www.dragonballrebirth.fr/img/objet/1.svg', '', 'Souvenir d\'une médaille d\'or lors d\'un tournoi', 0, 3, '2022-05-19 23:55:55', '2022-05-19 23:55:55'),
(24, 'Palmarès Médaille d\'Argent', 'https://www.dragonballrebirth.fr/img/objet/2.svg', '', 'Souvenir d\'une médaille d\'argent lors d\'un tournoi', 0, 3, '2022-05-19 23:55:56', '2022-05-19 23:55:56'),
(25, 'Palmarès Médaille de Bronze', 'https://www.dragonballrebirth.fr/img/objet/3.svg', '', 'Souvenir d\'une médaille de bronze lors d\'un tournoi', 0, 3, '2022-05-19 23:55:56', '2022-05-19 23:55:56'),
(26, 'Feu d\'artifice', 'https://www.dragonballrebirth.fr/img/objet/Fireworks.svg', '', 'Permet d\'obtenir une récompense aléatoirement en l\'ouvrant', 1, 1, '2022-05-19 23:55:57', '2022-05-19 23:55:57'),
(27, 'Bonbons de Consolation', 'https://www.dragonballrebirth.fr/img/objet/4-8.svg', '', 'Permet de recevoir une récompense aléatoire pour avoir terminé 4-8ème à un tournoi', 1, 1, '2022-05-19 23:55:57', '2022-05-19 23:55:58'),
(28, 'Gâteau d\'anniversaire', 'https://www.dragonballrebirth.fr/img/objet/Gateau.svg', '', 'Permet d\'obtenir des objets en l\'échangeant', 0, 1, '2022-05-19 23:55:58', '2022-05-19 23:55:58'),
(29, 'Cadeau d\'anniversaire', 'https://www.dragonballrebirth.fr/img/objet/Gift_Dragon_Ball_Z_KDO_Pioupiou_Rouge_V5.svg', '', 'Permet d\'obtenir une récompense aléatoirement en l\'ouvrant', 1, 1, '2022-05-19 23:55:59', '2022-05-19 23:55:59'),
(30, 'Jeton Communautaire', 'https://www.dragonballrebirth.fr/img/objet/MonnaieCommunautaire_Export.svg', '', 'Permet d\'obtenir des objets en l\'échangeant', 0, 1, '2022-05-19 23:55:59', '2022-05-19 23:55:59'),
(31, 'Carte d\'identité DBR', 'https://www.dragonballrebirth.fr/img/objet/IDcard.svg', '', 'Permet de changer de pseudo', 1, 1, '2022-05-19 23:56:00', '2022-05-19 23:56:00'),
(32, 'Citrouilles d\'Halloween', 'https://www.dragonballrebirth.fr/img/objet/Citrouille%20de%20ragout%20zen.svg', '', 'Permet d\'obtenir des objets en l\'échangeant', 0, 1, '2022-05-19 23:56:00', '2022-05-19 23:56:00'),
(33, 'Chaudron magique', 'https://www.dragonballrebirth.fr/img/objet/Chaudron.svg', '', 'Permet d\'obtenir une récompense aléatoirement en l\'ouvrant', 1, 1, '2022-05-19 23:56:01', '2022-05-19 23:56:01'),
(34, 'Vertes aléatoires ', 'https://www.dragonballrebirth.fr/css/images/capsules/capsule-2-0.svg', '', 'Permet d\'obtenir 5 capsules vertes aléatoires en l\'ouvrant', 1, 1, '2022-05-19 23:56:01', '2022-05-19 23:56:01'),
(35, 'Capsule rare aléatoire', 'https://www.dragonballrebirth.fr/css/images/capsules/capsule-1-2.svg', '', 'Permet d\'obtenir 1 capsule rare aléatoire en l\'ouvrant', 1, 1, '2022-05-19 23:56:02', '2022-05-19 23:56:02'),
(36, 'Capsule épique aléatoire', 'https://www.dragonballrebirth.fr/css/images/capsules/capsule-1-3.svg', '', 'Permet d\'obtenir 1 capsule épique aléatoire en l\'ouvrant', 1, 1, '2022-05-19 23:56:03', '2022-05-19 23:56:03'),
(37, 'Capsule légendaire aléatoire', 'https://www.dragonballrebirth.fr/css/images/capsules/capsule-1-4.svg', '', 'Permet d\'obtenir 1 capsule légendaire aléatoire en l\'ouvrant', 1, 1, '2022-05-19 23:56:03', '2022-05-19 23:56:03'),
(38, 'Bonbon de Force', 'https://www.dragonballrebirth.fr/img/objet/5.svg', '', 'Permet d\'obtenir 1 point en force en l\'ouvrant Fonctionne uniquement en dessous de 60% du rattrapage de trains', 1, 1, '2022-05-19 23:56:04', '2022-05-19 23:56:04'),
(39, 'Bonbon de Défense', 'https://www.dragonballrebirth.fr/img/objet/BonbonVert.svg', '', 'Permet d\'obtenir 1 point en défense en l\'ouvrant Fonctionne uniquement en dessous de 60% du rattrapage de trains', 1, 1, '2022-05-19 23:56:04', '2022-05-19 23:56:04'),
(40, 'Bonbon d\'Energie', 'https://www.dragonballrebirth.fr/img/objet/BonbonJaune.svg', '', 'Permet d\'obtenir 1 point en énergie en l\'ouvrant Fonctionne uniquement en dessous de 60% du rattrapage de trains', 1, 1, '2022-05-19 23:56:05', '2022-05-19 23:56:05'),
(41, 'Bonbon de Vitalité', 'https://www.dragonballrebirth.fr/img/objet/BonbonRouge.svg', '', 'Permet d\'obtenir 100 points en vitalité en l\'ouvrant Fonctionne uniquement en dessous de 60% du rattrapage de trains', 1, 1, '2022-05-19 23:56:05', '2022-05-19 23:56:05'),
(42, 'Bonbon Aléatoire', 'https://www.dragonballrebirth.fr/img/objet/BonbonMarron.svg', '', 'Permet d\'obtenir un bonbon aléatoire en l\'ouvrant', 1, 1, '2022-05-19 23:56:06', '2022-05-19 23:56:06'),
(43, 'Boite à musique', 'https://preprod.dragonballrebirth.fr/img/objet/Boite%20%C3%A0%20musique.svg', 'Boite à musique de Tapion', 'Objet à fouiller permettant de passer l\'étape 2 de la quête annexe : L\'attaque du dragon !', 0, 3, '2022-05-19 23:56:06', '2022-06-26 01:27:35'),
(44, 'Ocarina', 'https://www.dragonballrebirth.fr/img/objet/Ocarina.svg', 'L\'Ocarina de Tapion', 'Objet à fouiller permettant de passer l\'étape 8 de la quête annexe : L\'attaque du dragon !', 0, 3, '2022-06-26 01:26:11', '2022-06-26 01:28:00');

-- --------------------------------------------------------

--
-- Structure de la table `password_resets`
--

CREATE TABLE `password_resets` (
  `email` varchar(255) COLLATE utf8mb4_unicode_ci NOT NULL,
  `token` varchar(255) COLLATE utf8mb4_unicode_ci NOT NULL,
  `created_at` timestamp NULL DEFAULT NULL
) ENGINE=InnoDB DEFAULT CHARSET=utf8mb4 COLLATE=utf8mb4_unicode_ci;

-- --------------------------------------------------------

--
-- Structure de la table `personal_access_tokens`
--

CREATE TABLE `personal_access_tokens` (
  `id` bigint(20) UNSIGNED NOT NULL,
  `tokenable_type` varchar(255) COLLATE utf8mb4_unicode_ci NOT NULL,
  `tokenable_id` bigint(20) UNSIGNED NOT NULL,
  `name` varchar(255) COLLATE utf8mb4_unicode_ci NOT NULL,
  `token` varchar(64) COLLATE utf8mb4_unicode_ci NOT NULL,
  `abilities` text COLLATE utf8mb4_unicode_ci DEFAULT NULL,
  `last_used_at` timestamp NULL DEFAULT NULL,
  `created_at` timestamp NULL DEFAULT NULL,
  `updated_at` timestamp NULL DEFAULT NULL
) ENGINE=InnoDB DEFAULT CHARSET=utf8mb4 COLLATE=utf8mb4_unicode_ci;

--
-- Déchargement des données de la table `personal_access_tokens`
--

INSERT INTO `personal_access_tokens` (`id`, `tokenable_type`, `tokenable_id`, `name`, `token`, `abilities`, `last_used_at`, `created_at`, `updated_at`) VALUES
(1, 'App\\Models\\User', 2, 'token', 'd78fc5f9862f27dba6eaaab794e3a343d510615fed9e663fd1b62d2f90810a51', '[\"*\"]', NULL, '2022-06-01 19:48:31', '2022-06-01 19:48:31'),
(2, 'App\\Models\\User', 2, 'token', '2762c7be61620450b230525fb493ea2bfca20b6d17512a0c412ab75686c79b00', '[\"*\"]', NULL, '2022-06-01 19:51:24', '2022-06-01 19:51:24'),
(3, 'App\\Models\\User', 2, 'token', '72f463f852838f259cf7dccbaa7d1d72243b7512c02dd8d6f53930f83088992f', '[\"*\"]', NULL, '2022-06-01 19:57:17', '2022-06-01 19:57:17'),
(4, 'App\\Models\\User', 2, 'token', '4ce4d09bd0682b2e72b52622c8981aa9a36e4357d588e850a26b6abe72367664', '[\"*\"]', NULL, '2022-06-01 20:01:20', '2022-06-01 20:01:20'),
(5, 'App\\Models\\User', 2, 'token', '4fc96d528eedadd4184bac423d8cd4c54aaeee54c53bb502c06294c15e5bcbe1', '[\"*\"]', NULL, '2022-06-01 20:10:01', '2022-06-01 20:10:01'),
(6, 'App\\Models\\User', 2, 'token', 'b2af93017eb53c01f6c15d6698950b770d4de80bc50128b3313356e3d1abec3f', '[\"*\"]', NULL, '2022-06-01 20:11:52', '2022-06-01 20:11:52'),
(7, 'App\\Models\\User', 2, 'token', '6093a0406d017792ef3b01355350b33484bdbf5477fe375198de5b61ad890d61', '[\"*\"]', '2022-06-01 20:21:44', '2022-06-01 20:20:55', '2022-06-01 20:21:44'),
(8, 'App\\Models\\User', 2, 'token', 'e99eb407a09b9d39b71d930872c2eae4e0637069df5da31089a84810a904e352', '[\"*\"]', '2022-06-01 20:43:07', '2022-06-01 20:34:56', '2022-06-01 20:43:07'),
(9, 'App\\Models\\User', 2, 'token', 'afc013a36ef0e59be2fef54ecffb116676f890b9f5fe70e134630e775610d5ce', '[\"*\"]', '2022-06-02 18:14:33', '2022-06-02 12:14:23', '2022-06-02 18:14:33'),
(10, 'App\\Models\\User', 2, 'token', 'd0eb3b6ba7c4ff239af596f655016c055f163d835836bd2d384d492b82413b24', '[\"*\"]', '2022-06-02 18:58:37', '2022-06-02 18:23:50', '2022-06-02 18:58:37'),
(11, 'App\\Models\\User', 2, 'token', '18e180989877ed5441ff249b128a0b8fc5580d783c323eec57144321e4dac3b3', '[\"*\"]', '2022-06-02 19:00:49', '2022-06-02 18:59:09', '2022-06-02 19:00:49'),
(12, 'App\\Models\\User', 2, 'token', '9cdd5098345fe0127a4984f42573d84158f5de87df7ed286f8a9c7dd8eb32d38', '[\"*\"]', '2022-06-02 19:02:08', '2022-06-02 19:01:52', '2022-06-02 19:02:08'),
(13, 'App\\Models\\User', 2, 'token', '6f603343d711b009b74d9f9a6d8851023cb8f5fab2327784f7642c5f72f6847b', '[\"*\"]', '2022-06-02 19:02:30', '2022-06-02 19:02:09', '2022-06-02 19:02:30'),
(14, 'App\\Models\\User', 2, 'token', '86a954d68c7d47e34c8b2dcfd7612362510ef0f428c4364652c6cb8a45d45171', '[\"*\"]', '2022-06-02 19:02:49', '2022-06-02 19:02:32', '2022-06-02 19:02:49'),
(15, 'App\\Models\\User', 2, 'token', '631942bc7b8d6bea30a9846167cfb659ae26c01aff5e543b10c37e3eaa64b429', '[\"*\"]', '2022-06-02 19:02:54', '2022-06-02 19:02:50', '2022-06-02 19:02:54'),
(16, 'App\\Models\\User', 2, 'token', '59894590dbc31272b2852294c347aa1cdd7be6cb488cae7ff73b80fc0e2fddd4', '[\"*\"]', '2022-06-02 20:10:44', '2022-06-02 19:02:56', '2022-06-02 20:10:44'),
(17, 'App\\Models\\User', 2, 'token', 'e60a4e4417416314597d633d0d4d5d64806627aa0cfc80860a5cf3c64cb713fd', '[\"*\"]', '2022-06-06 20:00:57', '2022-06-06 19:36:31', '2022-06-06 20:00:57'),
(18, 'App\\Models\\User', 2, 'token', '1f2938fc6a637a13a4cb2982c976b8d65d4004c8bda35a477d617688190b3c35', '[\"*\"]', '2022-06-06 20:02:23', '2022-06-06 20:01:10', '2022-06-06 20:02:23'),
(19, 'App\\Models\\User', 2, 'token', 'a2e2b79fe3331b4511d6b8909d0954de3b49514a8e4e97859cb7afef5a928523', '[\"*\"]', '2022-06-06 20:03:51', '2022-06-06 20:02:35', '2022-06-06 20:03:51'),
(20, 'App\\Models\\User', 2, 'token', '8aa6de743b9e6f4944aabc12624e853148dc0c27045015a9bb0670e1b546e0e4', '[\"*\"]', '2022-06-06 20:06:32', '2022-06-06 20:04:00', '2022-06-06 20:06:32'),
(21, 'App\\Models\\User', 2, 'token', '0cdcea47242913e6b8e95e8a90915e3e24e687df71d0003f6dad791539a89824', '[\"*\"]', '2022-06-06 20:07:46', '2022-06-06 20:06:52', '2022-06-06 20:07:46'),
(22, 'App\\Models\\User', 2, 'token', 'a09429930a153ebf84433ad4503024cad02b5b5a7bab836a21b2d431a674aab4', '[\"*\"]', '2022-06-06 20:15:18', '2022-06-06 20:08:05', '2022-06-06 20:15:18'),
(23, 'App\\Models\\User', 2, 'token', 'c25f0ffae586b4fff69733ab0e8840596c9b0e29cf7bc1458bd236e8e111867c', '[\"*\"]', '2022-06-07 15:00:59', '2022-06-07 15:00:59', '2022-06-07 15:00:59'),
(24, 'App\\Models\\User', 2, 'token', '173e82588d19612ef24b200aa08562bed53c56a4aaaaaa5c3fdf74115ab3485d', '[\"*\"]', '2022-06-07 15:03:38', '2022-06-07 15:03:37', '2022-06-07 15:03:38'),
(25, 'App\\Models\\User', 2, 'token', 'ec6922dbffa1d8decc3fdb0bc1e0b70e05ea9564885c80eca581a5664bfcc259', '[\"*\"]', NULL, '2022-06-08 14:13:04', '2022-06-08 14:13:04'),
(26, 'App\\Models\\User', 2, 'token', '5f8e0416e7e5378620e1d039ff0fc5982b47e3f8334c2f3bdeae7414ea0c9360', '[\"*\"]', '2022-06-08 15:02:24', '2022-06-08 14:13:04', '2022-06-08 15:02:24'),
(27, 'App\\Models\\User', 2, 'token', '6743c23b234102b40f138c1792a0fe68362def7747e1d5cadab882b1322f04bc', '[\"*\"]', '2022-06-09 16:31:30', '2022-06-08 17:03:41', '2022-06-09 16:31:30'),
(28, 'App\\Models\\User', 2, 'token', '7b52a70a59ddb60215ee1fa6cd06f1d9dfdb98c05591f95e22042df55c09709a', '[\"*\"]', '2022-06-13 04:47:43', '2022-06-09 16:44:05', '2022-06-13 04:47:43'),
(29, 'App\\Models\\User', 2, 'token', 'd8c6aed7f621e3ecef523b6d61ed3e880f5de52d64fcf439ff9046f631f4d4dd', '[\"*\"]', NULL, '2022-06-13 04:56:51', '2022-06-13 04:56:51'),
(30, 'App\\Models\\User', 2, 'token', '9ed599d418363b9ad93df7328545cb730d0076a0cf1390be85536378dffaadcc', '[\"*\"]', '2022-06-13 05:18:22', '2022-06-13 04:59:22', '2022-06-13 05:18:22'),
(31, 'App\\Models\\User', 2, 'token', '212713056c7aa76a78aecab0af50b71b592afdf6a3c88cfb47d9b7766d31ceac', '[\"*\"]', '2022-06-14 14:40:59', '2022-06-14 13:49:55', '2022-06-14 14:40:59'),
(32, 'App\\Models\\User', 2, 'token', 'de3f3baee96de23c98bf2c479254c43fc43efea5f613f0baf0030e3b94dc9902', '[\"*\"]', '2022-06-15 12:48:55', '2022-06-15 12:19:51', '2022-06-15 12:48:55'),
(33, 'App\\Models\\User', 2, 'token', 'deef72ac927eb9bf0afa52c262814027910ae18d9e6c78f119ff14c6795dc2fb', '[\"*\"]', '2022-06-15 12:49:46', '2022-06-15 12:49:42', '2022-06-15 12:49:46'),
(34, 'App\\Models\\User', 2, 'token', 'c4fe5b0a5e5be30e4a864e1e3e0e86afc515061b7eb4e86c3e3ac400dba9820c', '[\"*\"]', '2022-06-21 14:06:09', '2022-06-15 12:49:59', '2022-06-21 14:06:09'),
(35, 'App\\Models\\User', 2, 'token', '14bc82741938826f485b85243d93dae98a008318de21e4462730d331d1cc1ed8', '[\"*\"]', '2022-06-22 17:30:11', '2022-06-22 17:26:55', '2022-06-22 17:30:11'),
(36, 'App\\Models\\User', 2, 'token', '482700e74624bf3c35a7e95ac30c65d321c8a8953f2389c4e7321426f5bce462', '[\"*\"]', '2022-06-22 19:32:33', '2022-06-22 18:31:59', '2022-06-22 19:32:33'),
(37, 'App\\Models\\User', 3, 'token', '8337b139962b71ab697b91e3436cadfec28a98e4fe977c8a77e56e830bd01494', '[\"*\"]', '2022-06-22 19:34:12', '2022-06-22 19:33:58', '2022-06-22 19:34:12'),
(38, 'App\\Models\\User', 3, 'token', 'afaf5e8e6049889c8cfe44f49a5c499d44478d01ed3961806ed12b4eb6f7583b', '[\"*\"]', '2022-06-22 19:34:21', '2022-06-22 19:34:21', '2022-06-22 19:34:21'),
(39, 'App\\Models\\User', 3, 'token', '87213aa8ee7fae8643c112821219926e76873da7934d33dc1a29fd06fbe078b1', '[\"*\"]', '2022-06-26 14:59:17', '2022-06-22 20:02:34', '2022-06-26 14:59:17'),
(40, 'App\\Models\\User', 2, 'token', '1839714743c8b48c221b98dd794f23ffb95abd083eb50d2424e7b362b07eb79a', '[\"*\"]', '2022-06-22 20:12:14', '2022-06-22 20:12:14', '2022-06-22 20:12:14'),
(41, 'App\\Models\\User', 2, 'token', 'b703b46cba298a0b60bac6bf33475a003b82c877b34bc1d2596ed575e1257b21', '[\"*\"]', '2022-06-22 20:27:35', '2022-06-22 20:12:14', '2022-06-22 20:27:35'),
(42, 'App\\Models\\User', 2, 'token', '9bfab82461f4747742dc4c7d453938d68106524014f86e677bcc48629baa75a4', '[\"*\"]', '2022-06-23 06:26:04', '2022-06-23 05:16:29', '2022-06-23 06:26:04'),
(43, 'App\\Models\\User', 2, 'token', '4784bbd952576597654a4d8b70af04a37a86c630ffc3805427a5e842ad0fef4e', '[\"*\"]', '2022-06-27 15:21:41', '2022-06-23 17:45:25', '2022-06-27 15:21:41'),
(44, 'App\\Models\\User', 2, 'token', '3bd9460af793ff674ccc8203e61fc883644436a3a51178d3b4d6c1077aaff88b', '[\"*\"]', '2022-06-23 19:04:49', '2022-06-23 19:04:49', '2022-06-23 19:04:49'),
(45, 'App\\Models\\User', 2, 'token', 'cd17ff18140686686b18934f96227a66c6759dd965899b2202c139edae86d1f5', '[\"*\"]', '2022-06-23 19:07:55', '2022-06-23 19:07:55', '2022-06-23 19:07:55');

-- --------------------------------------------------------

--
-- Structure de la table `planets`
--

CREATE TABLE `planets` (
  `id` bigint(20) UNSIGNED NOT NULL,
  `planet` varchar(255) COLLATE utf8mb4_unicode_ci NOT NULL,
  `created_at` timestamp NULL DEFAULT NULL,
  `updated_at` timestamp NULL DEFAULT NULL,
  `icon` varchar(255) COLLATE utf8mb4_unicode_ci DEFAULT NULL
) ENGINE=InnoDB DEFAULT CHARSET=utf8mb4 COLLATE=utf8mb4_unicode_ci;

--
-- Déchargement des données de la table `planets`
--

INSERT INTO `planets` (`id`, `planet`, `created_at`, `updated_at`, `icon`) VALUES
(1, 'Terre', '2022-05-18 20:03:07', '2022-05-18 20:03:07', 'https://www.dragonballrebirth.fr/img/icon/planet-earth.png'),
(2, 'Monde des morts', '2022-05-19 18:51:36', '2022-05-19 18:51:36', 'https://www.dragonballrebirth.fr/img/icon/planet-kaio.png'),
(3, 'Namek', '2022-05-19 18:53:28', '2022-06-13 05:05:04', 'https://www.dragonballrebirth.fr/img/icon/planet-namek.png'),
(4, 'Espace', '2022-05-19 18:57:06', '2022-05-19 18:57:06', 'https://www.dragonballrebirth.fr/img/icon/planet-space.png');

-- --------------------------------------------------------

--
-- Structure de la table `rewards`
--

CREATE TABLE `rewards` (
  `id` bigint(20) UNSIGNED NOT NULL,
  `name` varchar(255) COLLATE utf8mb4_unicode_ci DEFAULT NULL,
  `character_id` bigint(20) UNSIGNED DEFAULT NULL,
  `object_id` bigint(20) UNSIGNED DEFAULT NULL,
  `quantity_object` int(11) DEFAULT NULL,
  `caps_id` bigint(20) UNSIGNED DEFAULT NULL,
  `quantity_caps` int(11) DEFAULT NULL,
  `zenis` int(11) DEFAULT NULL,
  `experience` int(11) DEFAULT NULL,
  `skin` tinyint(1) DEFAULT NULL,
  `rewards_character_id` bigint(20) UNSIGNED DEFAULT NULL,
  `created_at` timestamp NULL DEFAULT NULL,
  `updated_at` timestamp NULL DEFAULT NULL
) ENGINE=InnoDB DEFAULT CHARSET=utf8mb4 COLLATE=utf8mb4_unicode_ci;

--
-- Déchargement des données de la table `rewards`
--

INSERT INTO `rewards` (`id`, `name`, `character_id`, `object_id`, `quantity_object`, `caps_id`, `quantity_caps`, `zenis`, `experience`, `skin`, `rewards_character_id`, `created_at`, `updated_at`) VALUES
(1, 'Krillin', 2, NULL, NULL, NULL, NULL, NULL, NULL, NULL, NULL, '2022-05-20 11:00:08', '2022-05-20 11:00:10'),
(2, '500 Zenis', NULL, NULL, NULL, NULL, NULL, 500, NULL, NULL, NULL, '2022-05-20 11:09:54', '2022-05-20 11:09:54'),
(3, '300 Zenis', NULL, NULL, NULL, NULL, NULL, 300, NULL, NULL, NULL, '2022-05-20 11:15:12', '2022-05-20 11:15:12'),
(4, 'Piccolo', 3, NULL, NULL, NULL, NULL, NULL, NULL, NULL, NULL, '2022-05-20 11:18:02', '2022-05-20 11:18:03'),
(5, 'Bâton de vitalité x1', NULL, NULL, NULL, 3, 1, NULL, NULL, NULL, NULL, '2022-05-20 11:21:26', '2022-06-23 14:46:47'),
(6, '600 Zenis', NULL, NULL, NULL, NULL, NULL, 600, NULL, NULL, NULL, '2022-05-20 11:21:27', '2022-05-20 11:21:28'),
(7, 'Panier de Ressource S x1', NULL, 11, 1, NULL, NULL, NULL, NULL, NULL, NULL, '2022-05-20 11:34:50', '2022-06-23 14:45:38'),
(8, 'Baddack', 50, NULL, NULL, NULL, NULL, NULL, NULL, NULL, NULL, '2022-05-25 21:27:22', '2022-05-25 21:27:23'),
(9, '10 000 Zenis', NULL, NULL, NULL, NULL, NULL, 10000, NULL, NULL, NULL, '2022-05-25 22:41:36', '2022-06-23 05:35:22'),
(10, 'Skin Gohan (QA Bojack)', NULL, NULL, NULL, NULL, NULL, NULL, NULL, 1, 5, '2022-05-25 22:41:36', '2022-06-23 14:51:51'),
(11, '15% XP Piccolo', NULL, NULL, NULL, NULL, NULL, NULL, 15, NULL, 3, '2022-05-25 22:41:34', '2022-05-25 22:41:35'),
(12, '50M XP Piccolo', NULL, NULL, NULL, NULL, NULL, NULL, 50000000, NULL, 3, '2022-05-25 22:43:45', '2022-05-25 22:43:46'),
(13, '250K Zenis', NULL, NULL, NULL, NULL, NULL, 250000, NULL, NULL, NULL, '2022-05-25 23:06:27', '2022-05-25 23:06:29'),
(14, 'C-17', 31, NULL, NULL, NULL, NULL, NULL, NULL, NULL, NULL, '2022-05-25 23:06:59', '2022-05-25 23:07:00'),
(15, 'C-18', 30, NULL, NULL, NULL, NULL, NULL, NULL, NULL, NULL, '2022-05-25 23:07:01', '2022-05-25 23:07:00'),
(16, 'Poisson x200', NULL, 2, 200, NULL, NULL, NULL, NULL, NULL, NULL, '2022-05-25 23:28:55', '2022-06-23 14:44:35'),
(17, '101K Zenis', NULL, NULL, NULL, NULL, NULL, 101000, NULL, NULL, NULL, '2022-05-25 23:32:02', '2022-05-25 23:32:02'),
(18, 'Pilule du Dr.Gero x1', NULL, 8, 1, NULL, NULL, NULL, NULL, NULL, NULL, '2022-05-25 23:36:23', '2022-06-23 14:45:25'),
(19, '2 000 Zenis', NULL, NULL, NULL, NULL, NULL, 2000, NULL, NULL, NULL, '2022-05-26 21:36:14', '2022-05-26 21:36:14'),
(20, 'Viande de dinosaure x5', NULL, 4, 5, NULL, NULL, NULL, NULL, NULL, NULL, '2022-05-26 21:37:15', '2022-06-23 14:45:13'),
(21, 'Poisson x5', NULL, 2, 5, NULL, NULL, NULL, NULL, NULL, NULL, '2022-05-26 21:37:16', '2022-06-23 14:44:48'),
(22, 'Bouteille de lait x5', NULL, 1, 5, NULL, NULL, NULL, NULL, NULL, NULL, '2022-05-26 21:37:16', '2022-06-23 14:44:27'),
(23, '3 000 Zenis', NULL, NULL, NULL, NULL, NULL, 3000, NULL, NULL, NULL, '2022-05-26 21:37:51', '2022-05-26 21:37:51'),
(29, 'Z-Sword x2', NULL, NULL, NULL, 46, 2, NULL, NULL, NULL, NULL, '2022-06-15 19:20:09', '2022-06-23 14:51:30'),
(31, '700 Zenis', NULL, NULL, NULL, NULL, NULL, 700, NULL, NULL, NULL, '2022-06-19 20:44:10', '2022-06-19 20:44:10'),
(32, 'Raditz', 4, NULL, NULL, NULL, NULL, NULL, NULL, NULL, NULL, '2022-06-19 20:44:26', '2022-06-19 20:44:26'),
(33, '400 Zenis', NULL, NULL, NULL, NULL, NULL, 400, NULL, NULL, NULL, '2022-06-19 20:44:42', '2022-06-19 20:44:42'),
(34, '800 Zenis', NULL, NULL, NULL, NULL, NULL, 800, NULL, NULL, NULL, '2022-06-19 20:44:53', '2022-06-19 20:44:53'),
(35, '900 Zenis', NULL, NULL, NULL, NULL, NULL, 900, NULL, NULL, NULL, '2022-06-19 20:45:16', '2022-06-19 20:45:16'),
(36, 'Gohan', 5, NULL, NULL, NULL, NULL, NULL, NULL, NULL, NULL, '2022-06-19 20:45:29', '2022-06-19 20:45:29'),
(37, 'Bâton de force x1', NULL, NULL, NULL, 2, 1, NULL, NULL, NULL, NULL, '2022-06-19 20:45:56', '2022-06-23 14:46:08'),
(38, '1 000 Zenis', NULL, NULL, NULL, NULL, NULL, 1000, NULL, NULL, NULL, '2022-06-19 20:46:03', '2022-06-23 14:10:28'),
(39, 'Yamcha', 6, NULL, NULL, NULL, NULL, NULL, NULL, NULL, NULL, '2022-06-19 20:46:20', '2022-06-19 20:46:20'),
(40, 'Eventail magique x1', NULL, NULL, NULL, 5, 1, NULL, NULL, NULL, NULL, '2022-06-19 20:47:41', '2022-06-23 14:46:36'),
(41, '1 100 Zenis', NULL, NULL, NULL, NULL, NULL, 1100, NULL, NULL, NULL, '2022-06-19 20:47:54', '2022-06-23 14:11:42'),
(42, 'Saibaman', 7, NULL, NULL, NULL, NULL, NULL, NULL, NULL, NULL, '2022-06-19 20:48:09', '2022-06-19 20:48:09'),
(43, 'Chaozu', 8, NULL, NULL, NULL, NULL, NULL, NULL, NULL, NULL, '2022-06-19 20:48:19', '2022-06-19 20:48:19'),
(44, 'Nappa', 9, NULL, NULL, NULL, NULL, NULL, NULL, NULL, NULL, '2022-06-19 20:48:29', '2022-06-19 20:48:29'),
(45, 'Tenshinhan', 10, NULL, NULL, NULL, NULL, NULL, NULL, NULL, NULL, '2022-06-19 20:48:44', '2022-06-19 20:48:44'),
(46, 'Pierre de force x1', NULL, NULL, NULL, 9, 1, NULL, NULL, NULL, NULL, '2022-06-19 20:49:18', '2022-06-23 14:47:06'),
(47, '1 200 Zenis', NULL, NULL, NULL, NULL, NULL, 1200, NULL, NULL, NULL, '2022-06-19 20:49:33', '2022-06-23 14:11:32'),
(48, 'Végéta', 11, NULL, NULL, NULL, NULL, NULL, NULL, NULL, NULL, '2022-06-19 20:49:42', '2022-06-19 20:49:42'),
(49, '1 300 Zenis', NULL, NULL, NULL, NULL, NULL, 1300, NULL, NULL, NULL, '2022-06-19 20:49:56', '2022-06-23 14:10:53'),
(50, '1 400 Zenis', NULL, NULL, NULL, NULL, NULL, 1400, NULL, NULL, NULL, '2022-06-19 20:50:09', '2022-06-23 14:11:02'),
(51, 'Pierre énergétique x1', NULL, NULL, NULL, 13, 1, NULL, NULL, NULL, NULL, '2022-06-19 20:50:48', '2022-06-23 14:48:43'),
(52, '1 500 Zenis', NULL, NULL, NULL, NULL, NULL, 1500, NULL, NULL, NULL, '2022-06-19 20:51:00', '2022-06-23 14:11:19'),
(53, 'Yajirobe', 12, NULL, NULL, NULL, NULL, NULL, NULL, NULL, NULL, '2022-06-19 20:51:11', '2022-06-19 20:51:11'),
(54, '1 600 Zenis', NULL, NULL, NULL, NULL, NULL, 1600, NULL, NULL, NULL, '2022-06-19 20:51:21', '2022-06-23 14:10:17'),
(55, '1 700 Zenis', NULL, NULL, NULL, NULL, NULL, 1700, NULL, NULL, NULL, '2022-06-19 20:51:33', '2022-06-23 14:10:42'),
(56, '1 800 Zenis', NULL, NULL, NULL, NULL, NULL, 1800, NULL, NULL, NULL, '2022-06-19 20:51:44', '2022-06-23 14:09:54'),
(57, '4 800 Zenis', NULL, NULL, NULL, NULL, NULL, 4800, NULL, NULL, NULL, '2022-06-19 20:51:53', '2022-06-23 14:09:29'),
(58, 'Pierre de vitalité x1', NULL, NULL, NULL, 12, 1, NULL, NULL, NULL, NULL, '2022-06-19 20:52:14', '2022-06-23 14:47:20'),
(60, '2 200 zénis', NULL, NULL, NULL, NULL, NULL, 2200, NULL, NULL, NULL, '2022-06-22 20:44:46', '2022-06-22 20:44:46'),
(61, 'Kiwi', 13, NULL, NULL, NULL, NULL, NULL, NULL, NULL, NULL, '2022-06-22 20:47:46', '2022-06-22 20:47:46'),
(62, '2 300 zénis', NULL, NULL, NULL, NULL, NULL, 2300, NULL, NULL, NULL, '2022-06-22 20:48:59', '2022-06-22 20:48:59'),
(63, '2 400 zénis', NULL, NULL, NULL, NULL, NULL, 2400, NULL, NULL, NULL, '2022-06-22 20:51:44', '2022-06-22 20:51:44'),
(64, 'Voeu de Yamcha x1', NULL, NULL, NULL, 33, 1, NULL, NULL, NULL, NULL, '2022-06-22 20:52:20', '2022-06-22 20:52:20'),
(65, '2 500 zénis', NULL, NULL, NULL, NULL, NULL, 2500, NULL, NULL, NULL, '2022-06-22 20:55:39', '2022-06-22 20:55:39'),
(66, 'Dodoria', 14, NULL, NULL, NULL, NULL, NULL, NULL, NULL, NULL, '2022-06-22 20:55:58', '2022-06-22 20:55:58'),
(67, '2 600 zénis', NULL, NULL, NULL, NULL, NULL, 2600, NULL, NULL, NULL, '2022-06-22 20:58:35', '2022-06-22 20:59:12'),
(68, 'Mirai Trunk', 23, NULL, NULL, NULL, NULL, NULL, NULL, NULL, NULL, '2022-06-23 05:34:01', '2022-06-23 05:34:01'),
(69, 'Roi Cold', 24, NULL, NULL, NULL, NULL, NULL, NULL, NULL, NULL, '2022-06-23 05:34:13', '2022-06-23 05:34:13'),
(70, '11 000 Zenis', NULL, NULL, NULL, NULL, NULL, 11000, NULL, NULL, NULL, '2022-06-23 05:34:34', '2022-06-23 05:34:34'),
(71, '12 000 Zenis', NULL, NULL, NULL, NULL, NULL, 12000, NULL, NULL, NULL, '2022-06-23 05:34:44', '2022-06-23 05:35:10'),
(72, '13 000 Zenis', NULL, NULL, NULL, NULL, NULL, 13000, NULL, NULL, NULL, '2022-06-23 05:35:02', '2022-06-23 05:35:02'),
(73, '14 000 Zenis', NULL, NULL, NULL, NULL, NULL, 14000, NULL, NULL, NULL, '2022-06-23 05:35:48', '2022-06-23 05:35:48'),
(74, '15 000 Zenis', NULL, NULL, NULL, NULL, NULL, 15000, NULL, NULL, NULL, '2022-06-23 05:37:36', '2022-06-23 05:37:36'),
(75, 'Soutien de Kibito x1', NULL, NULL, NULL, 29, 1, NULL, NULL, NULL, NULL, '2022-06-23 05:38:04', '2022-06-23 14:43:47'),
(76, '15 000 Zenis', NULL, NULL, NULL, NULL, NULL, 15000, NULL, NULL, NULL, '2022-06-23 05:39:05', '2022-06-23 05:39:05'),
(77, '16 000 Zenis', NULL, NULL, NULL, NULL, NULL, 16000, NULL, NULL, NULL, '2022-06-23 05:39:17', '2022-06-23 05:39:17'),
(78, '17 000 Zenis', NULL, NULL, NULL, NULL, NULL, 17000, NULL, NULL, NULL, '2022-06-23 05:39:27', '2022-06-23 05:39:27'),
(79, '18 000 Zenis', NULL, NULL, NULL, NULL, NULL, 18000, NULL, NULL, NULL, '2022-06-23 05:39:42', '2022-06-23 05:39:42'),
(80, 'Boite à musique x1', NULL, NULL, NULL, 17, 1, NULL, NULL, NULL, NULL, '2022-06-23 05:40:05', '2022-06-23 14:48:59'),
(81, 'Puissance du Désespoir x1', NULL, NULL, NULL, 27, 1, NULL, NULL, NULL, NULL, '2022-06-23 05:40:36', '2022-06-23 14:51:16'),
(82, '19 000 Zenis', NULL, NULL, NULL, NULL, NULL, 19000, NULL, NULL, NULL, '2022-06-23 05:40:46', '2022-06-23 05:40:46'),
(83, 'Poing de Yamcha x1', NULL, NULL, NULL, 26, 1, NULL, NULL, NULL, NULL, '2022-06-23 05:41:04', '2022-06-23 14:50:18'),
(84, 'Dernier vœu x1', NULL, NULL, NULL, 23, 1, NULL, NULL, NULL, NULL, '2022-06-23 05:41:21', '2022-06-23 14:50:03'),
(85, '20 000 Zenis', NULL, NULL, NULL, NULL, NULL, 20000, NULL, NULL, NULL, '2022-06-23 05:41:36', '2022-06-23 05:41:36'),
(86, '21 000 Zenis', NULL, NULL, NULL, NULL, NULL, 21000, NULL, NULL, NULL, '2022-06-23 05:41:58', '2022-06-23 05:41:58'),
(87, '22 000 Zenis', NULL, NULL, NULL, NULL, NULL, 22000, NULL, NULL, NULL, '2022-06-23 05:42:07', '2022-06-23 05:42:07'),
(88, '23 000 Zenis', NULL, NULL, NULL, NULL, NULL, 23000, NULL, NULL, NULL, '2022-06-23 05:42:20', '2022-06-23 05:42:20'),
(89, '24 000 Zenis', NULL, NULL, NULL, NULL, NULL, 24000, NULL, NULL, NULL, '2022-06-23 05:42:31', '2022-06-23 05:42:31'),
(90, '25 000 Zenis', NULL, NULL, NULL, NULL, NULL, 25000, NULL, NULL, NULL, '2022-06-23 05:42:40', '2022-06-23 05:42:40'),
(91, 'Boite du dragon x1', NULL, NULL, NULL, 18, 1, NULL, NULL, NULL, NULL, '2022-06-23 05:42:52', '2022-06-23 14:49:23'),
(92, 'Boite renforcée x1', NULL, NULL, NULL, 20, 1, NULL, NULL, NULL, NULL, '2022-06-23 05:43:11', '2022-06-23 14:49:41'),
(93, 'Sac de Senzus x5', NULL, 3, 5, NULL, NULL, NULL, NULL, NULL, NULL, '2022-06-23 05:43:37', '2022-06-23 14:45:01'),
(94, 'C - 19', 25, NULL, NULL, NULL, NULL, NULL, NULL, NULL, NULL, '2022-06-23 05:44:20', '2022-06-23 05:44:20'),
(95, '26 000 Zenis', NULL, NULL, NULL, NULL, NULL, 26000, NULL, NULL, NULL, '2022-06-23 05:44:36', '2022-06-23 05:44:36'),
(96, '27 000 Zenis', NULL, NULL, NULL, NULL, NULL, 27000, NULL, NULL, NULL, '2022-06-23 05:44:50', '2022-06-23 05:44:50'),
(97, '28 000 Zenis', NULL, NULL, NULL, NULL, NULL, 28000, NULL, NULL, NULL, '2022-06-23 05:44:57', '2022-06-23 05:44:57'),
(98, '29 000 Zenis', NULL, NULL, NULL, NULL, NULL, 29000, NULL, NULL, NULL, '2022-06-23 05:45:05', '2022-06-23 05:45:05'),
(99, '30 000 Zenis', NULL, NULL, NULL, NULL, NULL, 30000, NULL, NULL, NULL, '2022-06-23 05:45:13', '2022-06-23 05:45:13'),
(100, '31 000 Zenis', NULL, NULL, NULL, NULL, NULL, 31000, NULL, NULL, NULL, '2022-06-23 05:45:22', '2022-06-23 05:45:22'),
(101, 'Dr. Gero', 26, NULL, NULL, NULL, NULL, NULL, NULL, NULL, NULL, '2022-06-23 05:45:43', '2022-06-23 05:45:43'),
(102, '7 777 777 XP Piccolo', NULL, NULL, NULL, NULL, NULL, NULL, 7777777, NULL, 3, '2022-06-23 05:46:32', '2022-06-23 05:46:32'),
(103, '32 000 Zenis', NULL, NULL, NULL, NULL, NULL, 32000, NULL, NULL, NULL, '2022-06-23 05:47:09', '2022-06-23 05:47:09'),
(104, '33 000 Zenis', NULL, NULL, NULL, NULL, NULL, 33000, NULL, NULL, NULL, '2022-06-23 05:47:19', '2022-06-23 05:47:19'),
(105, '34 000 Zenis', NULL, NULL, NULL, NULL, NULL, 34000, NULL, NULL, NULL, '2022-06-23 05:47:27', '2022-06-23 05:47:27'),
(106, '35 000 Zenis', NULL, NULL, NULL, NULL, NULL, 35000, NULL, NULL, NULL, '2022-06-23 05:47:35', '2022-06-23 05:47:35'),
(107, '36 000 Zenis', NULL, NULL, NULL, NULL, NULL, 36000, NULL, NULL, NULL, '2022-06-23 05:47:44', '2022-06-23 05:47:44'),
(108, '37 000 Zenis', NULL, NULL, NULL, NULL, NULL, 37000, NULL, NULL, NULL, '2022-06-23 05:47:54', '2022-06-23 05:47:54'),
(109, '38 000 Zenis', NULL, NULL, NULL, NULL, NULL, 38000, NULL, NULL, NULL, '2022-06-23 05:48:01', '2022-06-23 05:48:01'),
(110, '39 000 Zenis', NULL, NULL, NULL, NULL, NULL, 39000, NULL, NULL, NULL, '2022-06-23 05:48:11', '2022-06-23 05:48:11'),
(111, '40 000 Zenis', NULL, NULL, NULL, NULL, NULL, 40000, NULL, NULL, NULL, '2022-06-23 05:48:19', '2022-06-23 05:48:19'),
(112, '41 000 Zenis', NULL, NULL, NULL, NULL, NULL, 41000, NULL, NULL, NULL, '2022-06-23 05:48:27', '2022-06-23 05:48:27'),
(113, '42 000 Zenis', NULL, NULL, NULL, NULL, NULL, 42000, NULL, NULL, NULL, '2022-06-23 05:48:36', '2022-06-23 05:48:36'),
(114, '2 700 zénis', NULL, NULL, NULL, NULL, NULL, 2700, NULL, NULL, NULL, '2022-06-23 14:14:57', '2022-06-23 14:14:57'),
(116, '2 800 zénis', NULL, NULL, NULL, NULL, NULL, 2800, NULL, NULL, NULL, '2022-06-23 14:16:50', '2022-06-23 14:16:50'),
(118, 'Zabon', 15, NULL, NULL, NULL, NULL, NULL, NULL, NULL, NULL, '2022-06-23 14:18:28', '2022-06-23 14:18:28'),
(119, '3 100 zénis', NULL, NULL, NULL, NULL, NULL, 3100, NULL, NULL, NULL, '2022-06-23 14:18:56', '2022-06-23 14:18:56'),
(120, '3 200 zénis', NULL, NULL, NULL, NULL, NULL, 3200, NULL, NULL, NULL, '2022-06-23 14:19:12', '2022-06-23 14:19:12'),
(121, '3 300 zénis', NULL, NULL, NULL, NULL, NULL, 3300, NULL, NULL, NULL, '2022-06-23 14:19:21', '2022-06-23 14:19:21'),
(122, '3 400 zénis', NULL, NULL, NULL, NULL, NULL, 3400, NULL, NULL, NULL, '2022-06-23 14:19:31', '2022-06-23 14:19:31'),
(123, '3 500 zénis', NULL, NULL, NULL, NULL, NULL, 3500, NULL, NULL, NULL, '2022-06-23 14:19:47', '2022-06-23 14:19:47'),
(124, '3 600 zénis', NULL, NULL, NULL, NULL, NULL, 3600, NULL, NULL, NULL, '2022-06-23 14:20:00', '2022-06-23 14:20:00'),
(125, '3 700 zénis', NULL, NULL, NULL, NULL, NULL, 3700, NULL, NULL, NULL, '2022-06-23 14:20:10', '2022-06-23 14:20:10'),
(126, '3 800 zénis', NULL, NULL, NULL, NULL, NULL, 3800, NULL, NULL, NULL, '2022-06-23 14:20:19', '2022-06-23 14:20:19'),
(127, 'Guldo', 16, NULL, NULL, NULL, NULL, NULL, NULL, NULL, NULL, '2022-06-23 14:20:32', '2022-06-23 14:20:32'),
(128, 'Reecom', 17, NULL, NULL, NULL, NULL, NULL, NULL, NULL, NULL, '2022-06-23 14:20:44', '2022-06-23 14:20:44'),
(129, '2 900 zénis', NULL, NULL, NULL, NULL, NULL, 2900, NULL, NULL, NULL, '2022-06-23 14:20:57', '2022-06-23 14:20:57'),
(130, '3 900 zénis', NULL, NULL, NULL, NULL, NULL, 3900, NULL, NULL, NULL, '2022-06-23 14:22:05', '2022-06-23 14:22:05'),
(131, '4 000 zénis', NULL, NULL, NULL, NULL, NULL, 4000, NULL, NULL, NULL, '2022-06-23 14:22:16', '2022-06-23 14:22:16'),
(132, '4 100 zénis', NULL, NULL, NULL, NULL, NULL, 4100, NULL, NULL, NULL, '2022-06-23 14:22:28', '2022-06-23 14:22:28'),
(133, 'Barta', 18, NULL, NULL, NULL, NULL, NULL, NULL, NULL, NULL, '2022-06-23 14:22:45', '2022-06-23 14:22:45'),
(134, 'Ginyu', 19, NULL, NULL, NULL, NULL, NULL, NULL, NULL, NULL, '2022-06-23 14:22:59', '2022-06-23 14:22:59'),
(135, 'Jeece', 20, NULL, NULL, NULL, NULL, NULL, NULL, NULL, NULL, '2022-06-23 14:23:14', '2022-06-23 14:23:14'),
(136, 'Nail', 21, NULL, NULL, NULL, NULL, NULL, NULL, NULL, NULL, '2022-06-23 14:23:41', '2022-06-23 14:23:41'),
(137, 'Freezer', 22, NULL, NULL, NULL, NULL, NULL, NULL, NULL, NULL, '2022-06-23 14:23:55', '2022-06-23 14:23:55'),
(138, '1 900 zénis', NULL, NULL, NULL, NULL, NULL, 1900, NULL, NULL, NULL, '2022-06-23 14:24:30', '2022-06-23 14:24:30'),
(139, '2 100 zénis', NULL, NULL, NULL, NULL, NULL, 2100, NULL, NULL, NULL, '2022-06-23 14:24:42', '2022-06-23 14:24:42'),
(140, '4 200 zénis', NULL, NULL, NULL, NULL, NULL, 4200, NULL, NULL, NULL, '2022-06-23 14:26:08', '2022-06-23 14:26:08'),
(141, '4 300 zénis', NULL, NULL, NULL, NULL, NULL, 4300, NULL, NULL, NULL, '2022-06-23 14:40:49', '2022-06-23 14:40:49'),
(142, '4 400 zénis', NULL, NULL, NULL, NULL, NULL, 4400, NULL, NULL, NULL, '2022-06-23 14:41:02', '2022-06-23 14:41:02'),
(143, '4 500 zénis', NULL, NULL, NULL, NULL, NULL, 4500, NULL, NULL, NULL, '2022-06-23 14:41:16', '2022-06-23 14:41:16'),
(144, '4 600 zénis', NULL, NULL, NULL, NULL, NULL, 4600, NULL, NULL, NULL, '2022-06-23 14:41:26', '2022-06-23 14:41:26'),
(145, '4 700 zénis', NULL, NULL, NULL, NULL, NULL, 4700, NULL, NULL, NULL, '2022-06-23 14:41:36', '2022-06-23 14:41:36'),
(146, 'Eau démoniaque x1', NULL, NULL, NULL, 38, 1, NULL, NULL, NULL, NULL, '2022-06-23 14:42:55', '2022-06-23 14:44:15'),
(147, 'Eveil du potentiel x1', NULL, NULL, NULL, 44, 1, NULL, NULL, NULL, NULL, '2022-06-23 14:43:12', '2022-06-23 14:43:54'),
(148, 'Concentration de Ki x1', NULL, NULL, NULL, 21, 1, NULL, NULL, NULL, NULL, '2022-06-23 14:53:30', '2022-06-23 14:53:30'),
(149, '5 250 zénis', NULL, NULL, NULL, NULL, NULL, 5200, NULL, NULL, NULL, '2022-06-23 14:54:09', '2022-06-23 14:54:09'),
(150, '5 500 zénis', NULL, NULL, NULL, NULL, NULL, 5500, NULL, NULL, NULL, '2022-06-23 14:54:24', '2022-06-23 14:54:24'),
(151, '5 750 zénis', NULL, NULL, NULL, NULL, NULL, 5750, NULL, NULL, NULL, '2022-06-23 14:54:35', '2022-06-23 14:54:35'),
(152, '6 000 zénis', NULL, NULL, NULL, NULL, NULL, 6000, NULL, NULL, NULL, '2022-06-23 14:54:53', '2022-06-23 14:54:53'),
(153, '6 250 zénis', NULL, NULL, NULL, NULL, NULL, 6250, NULL, NULL, NULL, '2022-06-23 14:55:27', '2022-06-23 14:55:27'),
(154, '6 500 zénis', NULL, NULL, NULL, NULL, NULL, 6500, NULL, NULL, NULL, '2022-06-23 14:55:38', '2022-06-23 14:55:38'),
(155, '6 750 zénis', NULL, NULL, NULL, NULL, NULL, 6750, NULL, NULL, NULL, '2022-06-23 14:55:49', '2022-06-23 14:55:49'),
(156, '7 000 zénis', NULL, NULL, NULL, NULL, NULL, 7000, NULL, NULL, NULL, '2022-06-23 14:55:59', '2022-06-23 14:55:59'),
(157, '7 250 zénis', NULL, NULL, NULL, NULL, NULL, 7250, NULL, NULL, NULL, '2022-06-23 14:56:20', '2022-06-23 14:56:20'),
(158, '7 500 zénis', NULL, NULL, NULL, NULL, NULL, 7500, NULL, NULL, NULL, '2022-06-23 14:56:29', '2022-06-23 14:56:29'),
(159, '7 750 zénis', NULL, NULL, NULL, NULL, NULL, 7750, NULL, NULL, NULL, '2022-06-23 14:56:41', '2022-06-23 14:56:41'),
(160, '8 000 zénis', NULL, NULL, NULL, NULL, NULL, 8000, NULL, NULL, NULL, '2022-06-23 14:56:53', '2022-06-23 14:56:53'),
(161, '8 250 zénis', NULL, NULL, NULL, NULL, NULL, 8250, NULL, NULL, NULL, '2022-06-23 14:57:06', '2022-06-23 14:57:06'),
(162, '8 500 zénis', NULL, NULL, NULL, NULL, NULL, 8500, NULL, NULL, NULL, '2022-06-23 14:57:15', '2022-06-23 14:57:15'),
(163, '9 000 zénis', NULL, NULL, NULL, NULL, NULL, 9000, NULL, NULL, NULL, '2022-06-23 14:57:26', '2022-06-23 14:57:26'),
(164, 'Poisson x15', NULL, 2, 15, NULL, NULL, NULL, NULL, NULL, NULL, '2022-06-23 17:48:43', '2022-06-23 18:55:10'),
(165, 'Bouteille de lait x15', NULL, 1, 15, NULL, NULL, NULL, NULL, NULL, NULL, '2022-06-23 17:48:57', '2022-06-23 18:54:51'),
(166, '100K Zenis', NULL, NULL, NULL, NULL, NULL, 100000, NULL, NULL, NULL, '2022-06-23 17:49:29', '2022-06-23 17:49:29'),
(167, '50 000 Zenis', NULL, NULL, NULL, NULL, NULL, 50000, NULL, NULL, NULL, '2022-06-23 17:50:03', '2022-06-23 17:50:03'),
(168, 'Boite mystique x1', NULL, NULL, NULL, 19, 1, NULL, NULL, NULL, NULL, '2022-06-23 17:50:25', '2022-06-23 18:58:46'),
(169, 'Viande de dinosaure x15', NULL, 4, 15, NULL, NULL, NULL, NULL, NULL, NULL, '2022-06-23 17:50:43', '2022-06-23 18:55:49'),
(170, 'C-16', 27, NULL, NULL, NULL, NULL, NULL, NULL, NULL, NULL, '2022-06-23 17:50:54', '2022-06-23 17:50:54'),
(171, 'Tenue Enchantée x1', NULL, NULL, NULL, 30, 1, NULL, NULL, NULL, NULL, '2022-06-23 17:51:25', '2022-06-23 18:59:01'),
(172, 'Ami des oiseaux x1', NULL, NULL, NULL, 72, 1, NULL, NULL, NULL, NULL, '2022-06-23 17:51:43', '2022-06-23 19:00:09'),
(173, 'Nuage magique x15', NULL, 5, 15, NULL, NULL, NULL, NULL, NULL, NULL, '2022-06-23 17:51:55', '2022-06-23 18:55:59'),
(174, 'Pass Baba x1', NULL, 6, 1, NULL, NULL, NULL, NULL, NULL, NULL, '2022-06-23 17:52:18', '2022-06-23 18:56:08'),
(175, 'Sac de Senzus x15', NULL, 3, 15, NULL, NULL, NULL, NULL, NULL, NULL, '2022-06-23 17:52:38', '2022-06-23 18:55:28'),
(176, 'Tenue saiyan x1', NULL, NULL, NULL, 32, 1, NULL, NULL, NULL, NULL, '2022-06-23 17:53:18', '2022-06-23 18:59:15'),
(177, 'Android envoutante x1', NULL, NULL, NULL, 75, 1, NULL, NULL, NULL, NULL, '2022-06-23 17:53:41', '2022-06-23 19:00:31'),
(178, 'Partie de Cell x1', NULL, NULL, NULL, 74, 1, NULL, NULL, NULL, NULL, '2022-06-23 17:54:01', '2022-06-23 19:00:19'),
(179, 'Mr Satan', 28, NULL, NULL, NULL, NULL, NULL, NULL, NULL, NULL, '2022-06-23 17:54:15', '2022-06-23 17:54:15'),
(180, 'Voeu de Yamcha x1', NULL, NULL, NULL, 33, 1, NULL, NULL, NULL, NULL, '2022-06-23 17:54:28', '2022-06-23 18:59:26'),
(181, 'Cell Jr.', 29, NULL, NULL, NULL, NULL, NULL, NULL, NULL, NULL, '2022-06-23 17:54:48', '2022-06-23 17:54:48'),
(182, 'Eau divine x1', NULL, NULL, NULL, 39, 1, NULL, NULL, NULL, NULL, '2022-06-23 17:55:11', '2022-06-23 18:59:37'),
(183, '150K Zenis', NULL, NULL, NULL, NULL, NULL, 150000, NULL, NULL, NULL, '2022-06-23 17:55:31', '2022-06-23 17:55:31'),
(184, 'Sac de Senzus x10', NULL, 3, 10, NULL, NULL, NULL, NULL, NULL, NULL, '2022-06-23 17:55:42', '2022-06-23 18:55:38'),
(185, 'Eau sacrée x1', NULL, NULL, NULL, 40, 1, NULL, NULL, NULL, NULL, '2022-06-23 17:55:56', '2022-06-23 18:59:52'),
(188, 'Cell', 32, NULL, NULL, NULL, NULL, NULL, NULL, NULL, NULL, '2022-06-23 17:56:47', '2022-06-23 17:56:47'),
(189, 'Poisson x50', NULL, 2, 50, NULL, NULL, NULL, NULL, NULL, NULL, '2022-06-25 12:23:47', '2022-06-25 12:23:47'),
(190, 'Son Goten', 33, NULL, NULL, NULL, NULL, NULL, NULL, NULL, NULL, '2022-06-25 12:24:26', '2022-06-25 12:24:26'),
(191, 'Videl', 34, NULL, NULL, NULL, NULL, NULL, NULL, NULL, NULL, '2022-06-25 12:25:52', '2022-06-25 12:25:52'),
(192, 'Trunks', 35, NULL, NULL, NULL, NULL, NULL, NULL, NULL, NULL, '2022-06-25 12:26:17', '2022-06-25 12:26:17'),
(193, 'Kaioshin', 36, NULL, NULL, NULL, NULL, NULL, NULL, NULL, NULL, '2022-06-25 12:26:35', '2022-06-25 12:26:35'),
(194, 'Kibito', 37, NULL, NULL, NULL, NULL, NULL, NULL, NULL, NULL, '2022-06-25 12:26:51', '2022-06-25 12:26:51'),
(195, 'Puipui', 38, NULL, NULL, NULL, NULL, NULL, NULL, NULL, NULL, '2022-06-25 12:27:14', '2022-06-25 12:27:14'),
(196, 'Dabra', 39, NULL, NULL, NULL, NULL, NULL, NULL, NULL, NULL, '2022-06-25 12:27:43', '2022-06-25 12:27:43'),
(197, 'Gotenks', 40, NULL, NULL, NULL, NULL, NULL, NULL, NULL, NULL, '2022-06-25 12:28:00', '2022-06-25 12:28:00'),
(198, 'Buu', 41, NULL, NULL, NULL, NULL, NULL, NULL, NULL, NULL, '2022-06-25 12:28:16', '2022-06-25 12:28:16'),
(199, 'Vegetto', 42, NULL, NULL, NULL, NULL, NULL, NULL, NULL, NULL, '2022-06-25 12:28:32', '2022-06-25 12:28:32'),
(201, 'Super Buu', 43, NULL, NULL, NULL, NULL, NULL, NULL, NULL, NULL, '2022-06-25 12:29:17', '2022-06-25 12:29:17'),
(202, 'Toma', 51, NULL, NULL, NULL, NULL, NULL, NULL, NULL, NULL, '2022-06-25 12:30:44', '2022-06-25 12:30:44'),
(203, 'Vasha', 52, NULL, NULL, NULL, NULL, NULL, NULL, NULL, NULL, '2022-06-25 12:31:03', '2022-06-25 12:31:03'),
(204, 'Kami Sama', 53, NULL, NULL, NULL, NULL, NULL, NULL, NULL, NULL, '2022-06-25 12:31:35', '2022-06-25 12:31:35'),
(205, 'Garlic Jr.', 54, NULL, NULL, NULL, NULL, NULL, NULL, NULL, NULL, '2022-06-25 12:31:52', '2022-06-25 12:31:52'),
(206, 'Toto le lapin', 55, NULL, NULL, NULL, NULL, NULL, NULL, NULL, NULL, '2022-06-25 12:32:04', '2022-06-25 12:32:04'),
(207, 'Gokua', 56, NULL, NULL, NULL, NULL, NULL, NULL, NULL, NULL, '2022-06-25 12:32:17', '2022-06-25 12:32:17'),
(208, 'Bujin', 57, NULL, NULL, NULL, NULL, NULL, NULL, NULL, NULL, '2022-06-25 12:32:30', '2022-06-25 12:32:30'),
(209, 'Bojack', 58, NULL, NULL, NULL, NULL, NULL, NULL, NULL, NULL, '2022-06-25 12:32:53', '2022-06-25 12:32:53'),
(210, 'Broly', 59, NULL, NULL, NULL, NULL, NULL, NULL, NULL, NULL, '2022-06-25 12:33:10', '2022-06-25 12:33:10'),
(211, 'Cooler', 60, NULL, NULL, NULL, NULL, NULL, NULL, NULL, NULL, '2022-06-25 12:33:19', '2022-06-25 12:33:19'),
(212, 'Mirai Gohan', 61, NULL, NULL, NULL, NULL, NULL, NULL, NULL, NULL, '2022-06-25 12:33:32', '2022-06-25 12:33:32'),
(213, 'C-14', 62, NULL, NULL, NULL, NULL, NULL, NULL, NULL, NULL, '2022-06-25 12:33:52', '2022-06-25 12:33:52'),
(214, 'C-15', 63, NULL, NULL, NULL, NULL, NULL, NULL, NULL, NULL, '2022-06-25 12:34:06', '2022-06-25 12:34:06'),
(215, 'C-13', 64, NULL, NULL, NULL, NULL, NULL, NULL, NULL, NULL, '2022-06-25 12:34:35', '2022-06-25 12:34:35'),
(216, 'Thales', 65, NULL, NULL, NULL, NULL, NULL, NULL, NULL, NULL, '2022-06-25 12:34:45', '2022-06-25 12:34:45'),
(217, 'Tapion', 71, NULL, NULL, NULL, NULL, NULL, NULL, NULL, NULL, '2022-06-25 12:58:08', '2022-06-25 12:58:08'),
(218, 'Bouteille de lait x50', NULL, 1, 50, NULL, NULL, NULL, NULL, NULL, NULL, '2022-06-25 13:04:07', '2022-06-25 13:04:07'),
(219, 'Viande de dinosaure x50', NULL, 4, 50, NULL, NULL, NULL, NULL, NULL, NULL, '2022-06-25 13:05:04', '2022-06-25 13:05:04'),
(220, 'Panier de Ressource M x1', NULL, 12, 1, NULL, NULL, NULL, NULL, NULL, NULL, '2022-06-25 13:06:36', '2022-06-25 14:19:05'),
(221, 'Panier de Ressource L x1', NULL, 13, 1, NULL, NULL, NULL, NULL, NULL, NULL, '2022-06-25 13:07:00', '2022-06-25 13:07:00'),
(222, 'Sac de Senzus x50', NULL, 3, 50, NULL, NULL, NULL, NULL, NULL, NULL, '2022-06-25 13:07:32', '2022-06-25 13:07:32'),
(223, 'Nuage magique x50', NULL, 5, 50, NULL, NULL, NULL, NULL, NULL, NULL, '2022-06-25 13:08:01', '2022-06-25 13:08:12'),
(224, 'Boule magique x1', NULL, NULL, NULL, 37, 1, NULL, NULL, NULL, NULL, '2022-06-25 13:09:33', '2022-06-25 13:09:33'),
(225, '200k zénis', NULL, NULL, NULL, NULL, NULL, 200000, NULL, NULL, NULL, '2022-06-25 13:10:25', '2022-06-25 13:10:25'),
(226, '120k zénis', NULL, NULL, NULL, NULL, NULL, 120000, NULL, NULL, NULL, '2022-06-25 13:11:17', '2022-06-25 13:11:17'),
(227, 'Bouteille de lait x75', NULL, 1, 75, NULL, NULL, NULL, NULL, NULL, NULL, '2022-06-25 16:11:02', '2022-06-25 16:11:02'),
(228, 'Poisson x75', NULL, 2, 75, NULL, NULL, NULL, NULL, NULL, NULL, '2022-06-25 16:11:26', '2022-06-25 16:11:26'),
(229, 'Viande de dinosaure x75', NULL, 4, 75, NULL, NULL, NULL, NULL, NULL, NULL, '2022-06-25 16:12:04', '2022-06-25 16:12:04'),
(230, 'Pass baba x2', NULL, 6, 2, NULL, NULL, NULL, NULL, NULL, NULL, '2022-06-25 16:12:34', '2022-06-25 16:12:34'),
(231, 'Panier de Ressource S x2', NULL, 11, 2, NULL, NULL, NULL, NULL, NULL, NULL, '2022-06-25 16:13:08', '2022-06-25 16:13:08'),
(232, 'Poisson x100', NULL, 2, 100, NULL, NULL, NULL, NULL, NULL, NULL, '2022-06-25 16:13:41', '2022-06-25 16:13:41'),
(233, 'Viande de dinosaure x100', NULL, 4, 100, NULL, NULL, NULL, NULL, NULL, NULL, '2022-06-25 16:14:10', '2022-06-25 16:14:10'),
(234, 'Bouteille de lait x100', NULL, 1, 100, NULL, NULL, NULL, NULL, NULL, NULL, '2022-06-25 16:14:24', '2022-06-25 16:14:24'),
(235, 'Nuage magique x100', NULL, 5, 100, NULL, NULL, NULL, NULL, NULL, NULL, '2022-06-25 16:14:47', '2022-06-25 16:14:47'),
(236, '750k XP Gotenks', NULL, NULL, NULL, NULL, NULL, NULL, 750000, NULL, 40, '2022-06-25 16:16:00', '2022-06-25 16:16:00'),
(237, '3M XP Gotenks', NULL, NULL, NULL, NULL, NULL, NULL, 3000000, NULL, 40, '2022-06-25 16:18:19', '2022-06-25 16:18:19'),
(238, '5M XP Gotenks', NULL, NULL, NULL, NULL, NULL, NULL, 5000000, NULL, 40, '2022-06-25 16:19:01', '2022-06-25 16:19:01'),
(239, 'Panier de Ressource M x2', NULL, 12, 2, NULL, NULL, NULL, NULL, NULL, NULL, '2022-06-25 16:19:40', '2022-06-25 16:19:40'),
(240, '7M XP Gotenks', NULL, NULL, NULL, NULL, NULL, NULL, 7000000, NULL, 40, '2022-06-25 16:24:02', '2022-06-25 16:24:02'),
(241, '12M XP Gotenks', NULL, NULL, NULL, NULL, NULL, NULL, 12000000, NULL, 40, '2022-06-25 16:35:44', '2022-06-25 16:35:44'),
(242, 'Nuage magique x150', NULL, 5, 150, NULL, NULL, NULL, NULL, NULL, NULL, '2022-06-25 16:39:39', '2022-06-25 16:40:22'),
(243, 'Poisson x150', NULL, 2, 150, NULL, NULL, NULL, NULL, NULL, NULL, '2022-06-25 16:41:44', '2022-06-25 16:41:44'),
(244, 'Z-Sword x1', NULL, NULL, NULL, 46, 1, NULL, NULL, NULL, NULL, '2022-06-25 16:42:16', '2022-06-25 16:42:16'),
(245, 'Viande de dinosaure x150', NULL, 4, 150, NULL, NULL, NULL, NULL, NULL, NULL, '2022-06-25 16:42:46', '2022-06-25 16:42:46'),
(246, 'Bouteille de lait x150', NULL, 1, 150, NULL, NULL, NULL, NULL, NULL, NULL, '2022-06-25 16:43:04', '2022-06-25 16:43:04'),
(247, '1M XP Vegetto', NULL, NULL, NULL, NULL, NULL, NULL, 1000000, NULL, 42, '2022-06-25 16:43:57', '2022-06-25 16:43:57'),
(248, '2M XP Vegetto', NULL, NULL, NULL, NULL, NULL, NULL, 2000000, NULL, 42, '2022-06-25 16:44:22', '2022-06-25 16:44:22'),
(249, 'Bouteille de lait x200', NULL, 1, 200, NULL, NULL, NULL, NULL, NULL, NULL, '2022-06-25 16:45:22', '2022-06-25 16:45:22'),
(250, 'Viande de dinosaure x200', NULL, 4, 200, NULL, NULL, NULL, NULL, NULL, NULL, '2022-06-25 16:45:42', '2022-06-25 16:45:42'),
(251, 'Nuage magique x200', NULL, 5, 200, NULL, NULL, NULL, NULL, NULL, NULL, '2022-06-25 16:47:22', '2022-06-25 16:47:22'),
(252, 'Viande de dinosaure x300', NULL, 4, 300, NULL, NULL, NULL, NULL, NULL, NULL, '2022-06-25 17:01:53', '2022-06-25 17:01:53'),
(253, 'Bouteille de lait x300', NULL, 1, 300, NULL, NULL, NULL, NULL, NULL, NULL, '2022-06-25 17:02:14', '2022-06-25 17:02:14'),
(254, 'Poisson x300', NULL, 2, 300, NULL, NULL, NULL, NULL, NULL, NULL, '2022-06-25 17:02:33', '2022-06-25 17:02:33'),
(255, 'Panier de Ressource L x2', NULL, 13, 2, NULL, NULL, NULL, NULL, NULL, NULL, '2022-06-25 17:02:59', '2022-06-25 17:02:59'),
(256, 'Panier de Ressource L x3', NULL, 13, 3, NULL, NULL, NULL, NULL, NULL, NULL, '2022-06-25 17:04:07', '2022-06-25 17:04:07'),
(257, '152k Zénis', NULL, NULL, NULL, NULL, NULL, 152000, NULL, NULL, NULL, '2022-06-26 13:20:40', '2022-06-26 13:20:40'),
(258, '153K zénis', NULL, NULL, NULL, NULL, NULL, 153000, NULL, NULL, NULL, '2022-06-26 13:21:02', '2022-06-26 13:21:02'),
(259, '154K zénis', NULL, NULL, NULL, NULL, NULL, 154000, NULL, NULL, NULL, '2022-06-26 13:21:19', '2022-06-26 13:21:19'),
(260, '156K zénis', NULL, NULL, NULL, NULL, NULL, 156000, NULL, NULL, NULL, '2022-06-26 13:21:35', '2022-06-26 13:21:35'),
(261, '157k Zénis', NULL, NULL, NULL, NULL, NULL, 157000, NULL, NULL, NULL, '2022-06-26 13:23:32', '2022-06-26 13:23:32'),
(262, '158K zénis', NULL, NULL, NULL, NULL, NULL, 158000, NULL, NULL, NULL, '2022-06-26 13:23:46', '2022-06-26 13:23:46'),
(263, '159k zénis', NULL, NULL, NULL, NULL, NULL, 159000, NULL, NULL, NULL, '2022-06-26 13:24:09', '2022-06-26 13:24:09'),
(264, '160K Zénis', NULL, NULL, NULL, NULL, NULL, 160000, NULL, NULL, NULL, '2022-06-26 13:24:26', '2022-06-26 13:24:26'),
(265, '161K Zénis', NULL, NULL, NULL, NULL, NULL, 161000, NULL, NULL, NULL, '2022-06-26 13:24:47', '2022-06-26 13:24:47'),
(266, '162k zénis', NULL, NULL, NULL, NULL, NULL, 162000, NULL, NULL, NULL, '2022-06-26 13:25:03', '2022-06-26 13:25:03'),
(267, '163K zénis', NULL, NULL, NULL, NULL, NULL, 163000, NULL, NULL, NULL, '2022-06-26 13:25:50', '2022-06-26 13:25:50'),
(268, '165K zénis', NULL, NULL, NULL, NULL, NULL, 165000, NULL, NULL, NULL, '2022-06-26 13:26:55', '2022-06-26 13:26:55'),
(269, '166K zénis', NULL, NULL, NULL, NULL, NULL, 166000, NULL, NULL, NULL, '2022-06-26 13:27:45', '2022-06-26 13:27:45'),
(270, '168K zénis', NULL, NULL, NULL, NULL, NULL, 168000, NULL, NULL, NULL, '2022-06-26 13:28:04', '2022-06-26 13:28:04'),
(271, '170K zénis', NULL, NULL, NULL, NULL, NULL, 170000, NULL, NULL, NULL, '2022-06-26 13:30:03', '2022-06-26 13:30:03'),
(272, '172K Zénis', NULL, NULL, NULL, NULL, NULL, 172000, NULL, NULL, NULL, '2022-06-26 13:31:56', '2022-06-26 13:32:36'),
(273, '171K Zénis', NULL, NULL, NULL, NULL, NULL, 171000, NULL, NULL, NULL, '2022-06-26 13:31:56', '2022-06-26 13:31:56'),
(274, '173K zénis', NULL, NULL, NULL, NULL, NULL, 173000, NULL, NULL, NULL, '2022-06-26 13:32:50', '2022-06-26 13:32:50'),
(275, '175K zénis', NULL, NULL, NULL, NULL, NULL, 175000, NULL, NULL, NULL, '2022-06-26 13:33:56', '2022-06-26 13:33:56'),
(276, '176K zénis', NULL, NULL, NULL, NULL, NULL, 176000, NULL, NULL, NULL, '2022-06-26 13:35:18', '2022-06-26 13:35:18'),
(277, '177K zénis', NULL, NULL, NULL, NULL, NULL, 177000, NULL, NULL, NULL, '2022-06-26 13:35:35', '2022-06-26 13:35:35'),
(278, '178K zénis', NULL, NULL, NULL, NULL, NULL, 178000, NULL, NULL, NULL, '2022-06-26 13:35:46', '2022-06-26 13:35:46'),
(279, '179K Zénis', NULL, NULL, NULL, NULL, NULL, 179000, NULL, NULL, NULL, '2022-06-26 13:35:57', '2022-06-26 13:35:57'),
(280, '180K zénis', NULL, NULL, NULL, NULL, NULL, 180000, NULL, NULL, NULL, '2022-06-26 13:36:07', '2022-06-26 13:36:07'),
(281, '182K zénis', NULL, NULL, NULL, NULL, NULL, 182000, NULL, NULL, NULL, '2022-06-26 13:37:04', '2022-06-26 13:37:04'),
(282, '183K Zénis', NULL, NULL, NULL, NULL, NULL, 183000, NULL, NULL, NULL, '2022-06-26 13:37:25', '2022-06-26 13:37:25'),
(283, '184K zénis', NULL, NULL, NULL, NULL, NULL, 184000, NULL, NULL, NULL, '2022-06-26 13:37:39', '2022-06-26 13:37:39'),
(284, '185K zénis', NULL, NULL, NULL, NULL, NULL, 185000, NULL, NULL, NULL, '2022-06-26 13:38:02', '2022-06-26 13:38:02');

-- --------------------------------------------------------

--
-- Structure de la table `stories`
--

CREATE TABLE `stories` (
  `id` bigint(20) UNSIGNED NOT NULL,
  `story_name` varchar(255) COLLATE utf8mb4_unicode_ci NOT NULL,
  `thumbnail` varchar(255) COLLATE utf8mb4_unicode_ci NOT NULL,
  `created_at` timestamp NULL DEFAULT NULL,
  `updated_at` timestamp NULL DEFAULT NULL,
  `main_story` bigint(20) UNSIGNED DEFAULT NULL,
  `story_number` int(11) NOT NULL,
  `story_unlock` bigint(20) UNSIGNED DEFAULT NULL,
  `step_unlock` bigint(20) DEFAULT NULL,
  `custom_requirement` varchar(255) COLLATE utf8mb4_unicode_ci DEFAULT NULL,
  `visible` int(11) DEFAULT NULL
) ENGINE=InnoDB DEFAULT CHARSET=utf8mb4 COLLATE=utf8mb4_unicode_ci;

--
-- Déchargement des données de la table `stories`
--

INSERT INTO `stories` (`id`, `story_name`, `thumbnail`, `created_at`, `updated_at`, `main_story`, `story_number`, `story_unlock`, `step_unlock`, `custom_requirement`, `visible`) VALUES
(1, 'Saga Saiyan', 'https://www.dragonballrebirth.fr/img/aventure/histoires/story-1-1.png', '2022-05-18 20:03:07', '2022-06-22 17:28:23', 1, 1, 1, 0, 'Aucun', 1),
(78, 'Saga Namek', 'https://www.dragonballrebirth.fr/img/aventure/histoires/story-1-2.png', '2022-05-20 10:31:29', '2022-05-20 10:31:30', 1, 1, 1, 26, '', 1),
(79, 'Saga Cyborg', 'https://www.dragonballrebirth.fr/img/aventure/histoires/story-1-3.png', '2022-05-20 10:31:31', '2022-05-20 10:31:31', 1, 1, 78, 70, '', 1),
(80, 'Saga Cell', 'https://www.dragonballrebirth.fr/img/aventure/histoires/story-1-4.png', '2022-05-20 10:31:31', '2022-05-20 10:31:31', 1, 1, 79, 103, '', 1),
(81, 'Saga Majin', 'https://www.dragonballrebirth.fr/img/aventure/histoires/story-1-5.png', '2022-05-20 10:31:31', '2022-05-20 10:31:32', 1, 1, 80, 152, '', 1),
(82, 'Saga Buu', 'https://www.dragonballrebirth.fr/img/aventure/histoires/story-1-6.png', '2022-05-20 10:31:32', '2022-05-20 10:31:32', 1, 1, 81, 205, '', 1),
(83, 'Saga Saiyan : Hard', 'https://www.dragonballrebirth.fr/img/aventure/histoires/story-1-1.png', '2022-05-20 10:31:32', '2022-05-20 10:31:32', 2, 1, 82, 298, '', 1),
(84, 'Saga Namek : Hard', 'https://www.dragonballrebirth.fr/img/aventure/histoires/story-1-2.png', '2022-05-20 10:31:32', '2022-05-20 10:31:33', 2, 1, 83, 26, '', 1),
(85, 'Vision d\'un destin funeste', 'https://www.dragonballrebirth.fr/img/aventure/histoires/story-5.png', '2022-05-20 10:31:33', '2022-05-20 10:31:33', 100, 5, 78, 70, '', 1),
(86, 'A la poursuite de Garlic', 'https://www.dragonballrebirth.fr/img/aventure/histoires/story-6.png', '2022-05-20 10:31:33', '2022-05-20 10:31:33', 100, 6, 1, 10, '', 1),
(87, 'La bande du lapin', 'https://www.dragonballrebirth.fr/img/aventure/histoires/story-7.png', '2022-05-20 10:31:33', '2022-05-20 10:31:33', 100, 7, 1, 0, 'Lancé l\'évènement de Pâques', 1),
(88, 'Les Mercenaires de l\'espace', 'https://www.dragonballrebirth.fr/img/aventure/histoires/story-8.png', '2022-05-20 10:31:34', '2022-05-20 10:31:34', 100, 8, 80, 149, '', 1),
(89, 'Tour du Muscle', 'https://www.dragonballrebirth.fr/img/aventure/histoires/story-9.png', '2022-05-20 10:31:34', '2022-05-20 10:31:34', 100, 9, 1, 0, 'Aucun', 1),
(90, 'Broly le super guerrier', 'https://www.dragonballrebirth.fr/img/aventure/histoires/story-10.png', '2022-05-20 10:31:35', '2022-05-20 10:31:35', 100, 10, 80, 129, '', 1),
(91, 'La Revance de Cooler', 'https://www.dragonballrebirth.fr/img/aventure/histoires/story-11.png', '2022-05-20 10:31:35', '2022-05-20 10:31:35', 100, 11, 78, 70, '', 1),
(92, 'L\'histoire de Trunks !', 'https://www.dragonballrebirth.fr/img/aventure/histoires/story-13.png', '2022-05-20 10:31:35', '2022-05-20 10:31:35', 100, 13, 80, 130, '', 1),
(93, 'Grand Quizz DBZ - 1ère édition', 'https://www.dragonballrebirth.fr/img/aventure/histoires/story-23.png', '2022-05-20 10:31:36', '2022-05-20 10:31:36', 100, 23, 1, 0, 'Aucun', 1),
(94, 'L\'offensive des Cyborgs', 'https://www.dragonballrebirth.fr/img/aventure/histoires/story-22.png', '2022-05-20 10:31:36', '2022-05-20 10:31:36', 100, 22, 80, 152, '', 1),
(95, 'Le combat fratricide', 'https://www.dragonballrebirth.fr/img/aventure/histoires/story-15.png', '2022-05-20 10:31:36', '2022-05-20 10:31:36', 100, 15, 78, 27, '', 1),
(96, 'L\'attaque du dragon !', 'https://www.dragonballrebirth.fr/img/aventure/histoires/story-14.png', '2022-05-20 10:31:36', '2022-06-25 12:53:22', 100, 14, 82, 259, '', 1);

-- --------------------------------------------------------

--
-- Structure de la table `trains`
--

CREATE TABLE `trains` (
  `id` bigint(20) UNSIGNED NOT NULL,
  `name` varchar(255) COLLATE utf8mb4_unicode_ci NOT NULL,
  `icon` varchar(255) COLLATE utf8mb4_unicode_ci DEFAULT NULL,
  `map_case_id` bigint(20) UNSIGNED NOT NULL,
  `planet_id` bigint(20) UNSIGNED NOT NULL,
  `gain` varchar(255) COLLATE utf8mb4_unicode_ci NOT NULL,
  `required_level` varchar(255) COLLATE utf8mb4_unicode_ci NOT NULL,
  `step_id` int(11) NOT NULL,
  `duration_id` bigint(20) UNSIGNED NOT NULL,
  `thumbnail` varchar(255) COLLATE utf8mb4_unicode_ci NOT NULL,
  `created_at` timestamp NULL DEFAULT NULL,
  `updated_at` timestamp NULL DEFAULT NULL,
  `specificity` varchar(255) COLLATE utf8mb4_unicode_ci DEFAULT NULL
) ENGINE=InnoDB DEFAULT CHARSET=utf8mb4 COLLATE=utf8mb4_unicode_ci;

--
-- Déchargement des données de la table `trains`
--

INSERT INTO `trains` (`id`, `name`, `icon`, `map_case_id`, `planet_id`, `gain`, `required_level`, `step_id`, `duration_id`, `thumbnail`, `created_at`, `updated_at`, `specificity`) VALUES
(1, 'Salle de l\'horloge', 'https://www.dragonballrebirth.fr/img/training/popo.png', 2, 1, 'Obtention des magies 2 et 3', '', 1, 1, 'https://www.dragonballrebirth.fr/img/training/banner/salle_horloge.jpg', '2022-05-18 20:03:07', '2022-05-18 20:03:07', '1 fois par magie'),
(2, 'Baba la Voyante', '', 16, 1, '+1 / +2 Défense', '', 1, 3, 'https://www.dragonballrebirth.fr/img/training/banner/baba.png', '2022-05-19 23:24:55', '2022-05-19 23:24:55', 'Illimité'),
(3, 'Kame House', '', 88, 1, '+1 / +2 Force', '', 1, 3, 'https://www.dragonballrebirth.fr/img/training/banner/kamehouse.png', '2022-05-19 23:24:57', '2022-05-19 23:24:57', 'Illimité'),
(4, 'Kami-Sama', '', 2, 1, '+1 / +2 Énergie', '', 1, 3, 'https://www.dragonballrebirth.fr/img/training/banner/kamikyuden.png', '2022-05-19 23:24:58', '2022-05-19 23:24:58', 'Illimité'),
(5, 'Karine', '', 4, 1, '+100 / +200 Vitalité', '', 1, 3, 'https://www.dragonballrebirth.fr/img/training/banner/karinetower.png', '2022-05-19 23:24:59', '2022-05-19 23:24:59', 'Illimité'),
(6, 'Maison', '', 77, 1, '+1 / +2 Esquive', '', 1, 3, 'https://www.dragonballrebirth.fr/img/training/banner/gokuhouse.png', '2022-05-19 23:25:00', '2022-05-19 23:25:00', 'Limité à 100 points'),
(7, 'Tsuru-Sennin', '', 20, 1, '+1 / +2 Critique', '', 1, 3, 'https://www.dragonballrebirth.fr/img/training/banner/fishing-2.png', '2022-05-19 23:25:01', '2022-05-19 23:25:01', 'Limité à 100 points'),
(8, 'Kaïo', 'https://www.dragonballrebirth.fr/img/training/kaio.png', 4, 2, '+2 partout', '', 18, 4, 'https://www.dragonballrebirth.fr/img/training/banner/kaioplanet.png', '2022-05-19 23:25:02', '2022-05-19 23:25:02', 'Unique'),
(9, 'Vaisseau de Freezer', '', 41, 3, '+300 / +400 Vitalité', '', 28, 5, 'https://www.dragonballrebirth.fr/img/training/banner/vaisseax-freezer.png', '2022-05-19 23:25:03', '2022-05-19 23:25:03', 'Illimité'),
(10, 'Grand Chef Namek', 'https://www.dragonballrebirth.fr/img/training/grandchef.png', 20, 3, '+5 dans une statistique', '10', 40, 4, 'https://www.dragonballrebirth.fr/img/training/banner/chefnamek.jpg', '2022-05-19 23:25:04', '2022-05-19 23:25:04', 'Unique'),
(11, 'Reecom', '', 69, 3, '+3 / +4 Défense', '', 47, 5, 'https://www.dragonballrebirth.fr/img/training/banner/namek.png', '2022-05-19 23:25:05', '2022-05-19 23:25:05', 'Illimité'),
(12, 'Ginyu', '', 69, 3, '+3 / +4 Énergie', '', 49, 5, 'https://www.dragonballrebirth.fr/img/training/banner/namek.png', '2022-05-19 23:25:06', '2022-05-19 23:25:06', 'Illimité'),
(13, 'Nail', '', 75, 3, '+3 / +4 Force', '', 55, 5, 'https://www.dragonballrebirth.fr/img/training/banner/namek-village.png', '2022-05-19 23:25:07', '2022-05-19 23:25:07', 'Illimité'),
(14, 'Salle de l\'Esprit et du Temps', 'https://www.dragonballrebirth.fr/img/training/dende.png', 2, 1, 'Réduction durée des entraînements 2% / 5%', '14 puis 18', 108, 6, 'https://www.dragonballrebirth.fr/img/training/banner/timechamber.png', '2022-05-19 23:25:08', '2022-05-19 23:25:08', 'Limité à deux entraînements'),
(15, 'Eveil du vieux Kaioshin', 'https://www.dragonballrebirth.fr/img/training/daikaioshin.png', 11, 2, '+10 points dans toutes les statistiques et +10 points bonus', '28', 230, 7, 'https://www.dragonballrebirth.fr/img/training/banner/vieu-kaioshin.png ', '2022-05-19 23:25:09', '2022-05-19 23:25:09', 'Unique');

-- --------------------------------------------------------

--
-- Structure de la table `users`
--

CREATE TABLE `users` (
  `id` bigint(20) UNSIGNED NOT NULL,
  `name` varchar(255) COLLATE utf8mb4_unicode_ci NOT NULL,
  `email` varchar(255) COLLATE utf8mb4_unicode_ci NOT NULL,
  `email_verified_at` timestamp NULL DEFAULT NULL,
  `password` varchar(255) COLLATE utf8mb4_unicode_ci NOT NULL,
  `role` varchar(255) COLLATE utf8mb4_unicode_ci DEFAULT NULL,
  `picture` varchar(255) COLLATE utf8mb4_unicode_ci DEFAULT NULL,
  `two_factor_secret` text COLLATE utf8mb4_unicode_ci DEFAULT NULL,
  `two_factor_recovery_codes` text COLLATE utf8mb4_unicode_ci DEFAULT NULL,
  `two_factor_confirmed_at` timestamp NULL DEFAULT NULL,
  `remember_token` varchar(100) COLLATE utf8mb4_unicode_ci DEFAULT NULL,
  `created_at` timestamp NULL DEFAULT NULL,
  `updated_at` timestamp NULL DEFAULT NULL
) ENGINE=InnoDB DEFAULT CHARSET=utf8mb4 COLLATE=utf8mb4_unicode_ci;

--
-- Déchargement des données de la table `users`
--

INSERT INTO `users` (`id`, `name`, `email`, `email_verified_at`, `password`, `role`, `picture`, `two_factor_secret`, `two_factor_recovery_codes`, `two_factor_confirmed_at`, `remember_token`, `created_at`, `updated_at`) VALUES
(2, 'OlTarba', 'contact@devoweb.fr', NULL, '$2y$10$qJxGTlhKbmF2Uk0s46jXhetbE7/K/xcnae6GczqyEhUyX7pAtLZPm', 'Développeur Web', 'OlTarba.png', NULL, NULL, NULL, NULL, '2022-05-27 12:20:27', '2022-06-21 14:05:30'),
(3, 'Rivality-Younès', 'younes.dragonballrebirth@gmail.com', NULL, '$2y$10$DKR0bvwoU6yIkLWtYMc9l.XphygNsP0FF1zPddGAz6wg5AlYNGDY2', 'Rédacteur', 'Younes.png', NULL, NULL, NULL, NULL, '2022-06-20 14:12:39', '2022-06-25 13:01:17');

-- --------------------------------------------------------

--
-- Structure de la table `waiting_durations`
--

CREATE TABLE `waiting_durations` (
  `id` bigint(20) UNSIGNED NOT NULL,
  `duration` varchar(255) COLLATE utf8mb4_unicode_ci NOT NULL,
  `created_at` timestamp NULL DEFAULT NULL,
  `updated_at` timestamp NULL DEFAULT NULL
) ENGINE=InnoDB DEFAULT CHARSET=utf8mb4 COLLATE=utf8mb4_unicode_ci;

--
-- Déchargement des données de la table `waiting_durations`
--

INSERT INTO `waiting_durations` (`id`, `duration`, `created_at`, `updated_at`) VALUES
(1, '2h / 4h', '2022-05-18 20:03:07', '2022-05-18 20:03:07'),
(2, '12h', '2022-05-19 16:53:17', '2022-06-11 14:11:42'),
(3, '18h / 1j 12h', '2022-05-19 23:27:08', '2022-05-19 23:27:09'),
(4, '3 jours', '2022-05-19 23:27:09', '2022-05-19 23:27:09'),
(5, '2j 6h / 3j', '2022-05-19 23:27:10', '2022-05-19 23:27:10'),
(6, '5 jours', '2022-05-19 23:27:10', '2022-05-19 23:27:10'),
(7, '7 jours', '2022-05-19 23:27:10', '2022-05-19 23:27:10');

-- --------------------------------------------------------

--
-- Structure de la table `win_conditions`
--

CREATE TABLE `win_conditions` (
  `id` bigint(20) UNSIGNED NOT NULL,
  `name` varchar(255) COLLATE utf8mb4_unicode_ci DEFAULT NULL,
  `custom_condition` varchar(255) COLLATE utf8mb4_unicode_ci DEFAULT NULL,
  `condition_base_id` bigint(20) UNSIGNED DEFAULT NULL,
  `object_harvest` bigint(20) UNSIGNED DEFAULT NULL,
  `object_harvest_quantity` int(11) DEFAULT NULL,
  `special_trains` bigint(20) UNSIGNED DEFAULT NULL,
  `any_trains_quantity` int(11) DEFAULT NULL,
  `spell_condition_number` int(11) DEFAULT NULL,
  `critical_strike` tinyint(1) DEFAULT NULL,
  `dodge_attack` tinyint(1) DEFAULT NULL,
  `min_damage` int(11) DEFAULT NULL,
  `created_at` timestamp NULL DEFAULT NULL,
  `updated_at` timestamp NULL DEFAULT NULL
) ENGINE=InnoDB DEFAULT CHARSET=utf8mb4 COLLATE=utf8mb4_unicode_ci;

--
-- Déchargement des données de la table `win_conditions`
--

INSERT INTO `win_conditions` (`id`, `name`, `custom_condition`, `condition_base_id`, `object_harvest`, `object_harvest_quantity`, `special_trains`, `any_trains_quantity`, `spell_condition_number`, `critical_strike`, `dodge_attack`, `min_damage`, `created_at`, `updated_at`) VALUES
(1, 'Lire le dialogue', NULL, 1, NULL, NULL, NULL, NULL, NULL, NULL, NULL, NULL, '2022-05-20 10:55:57', '2022-06-23 15:03:01'),
(2, 'Survivre', NULL, 2, NULL, NULL, NULL, NULL, NULL, NULL, NULL, NULL, '2022-05-20 10:56:32', '2022-06-23 15:02:53'),
(3, 'Tuer l\'adversaire', NULL, 4, NULL, NULL, NULL, NULL, NULL, NULL, NULL, NULL, '2022-05-20 10:57:19', '2022-06-23 15:02:45'),
(4, 'Vaincre l\'adversaire', NULL, 3, NULL, NULL, NULL, NULL, NULL, NULL, NULL, NULL, '2022-05-20 10:57:22', '2022-06-23 15:02:29'),
(5, 'Faire 5 entrainements', NULL, NULL, NULL, NULL, NULL, 5, NULL, NULL, NULL, NULL, '2022-05-25 23:05:26', '2022-06-23 15:04:18'),
(6, 'Récolter 10 poissons', NULL, NULL, 2, 10, NULL, NULL, NULL, NULL, NULL, NULL, '2022-05-25 23:28:31', '2022-06-23 15:01:53'),
(7, 'Infliger 2 000 dégâts', NULL, NULL, NULL, NULL, NULL, NULL, NULL, NULL, NULL, 2000, '2022-05-26 16:50:47', '2022-06-23 15:07:08'),
(8, 'Infliger un Coup Critique', NULL, NULL, NULL, NULL, NULL, NULL, NULL, 1, NULL, NULL, '2022-05-26 16:51:15', '2022-06-23 15:07:32'),
(9, 'Esquiver une attaque', NULL, NULL, NULL, NULL, NULL, NULL, NULL, NULL, 1, NULL, '2022-05-26 16:51:16', '2022-06-23 15:07:21'),
(10, 'Utiliser la Magie 1', NULL, NULL, NULL, NULL, NULL, NULL, 1, NULL, NULL, NULL, '2022-05-26 16:52:16', '2022-06-23 15:06:05'),
(11, 'Utiliser la Magie 2', NULL, NULL, NULL, NULL, NULL, NULL, 2, NULL, NULL, NULL, '2022-05-26 16:52:17', '2022-06-23 15:05:56'),
(12, 'Utiliser la Magie 3', NULL, NULL, NULL, NULL, NULL, NULL, 3, NULL, NULL, NULL, '2022-05-26 16:52:17', '2022-06-23 15:06:13'),
(13, 'Faire 2 entrainements', NULL, NULL, NULL, NULL, NULL, 2, NULL, NULL, NULL, NULL, '2022-05-26 21:38:21', '2022-06-23 15:03:56'),
(14, 'Récolter 20 viandes de dinosaure', NULL, NULL, 4, 20, NULL, NULL, NULL, NULL, NULL, NULL, '2022-05-26 21:39:22', '2022-06-23 15:01:42'),
(15, 'Récolter 20 poissons', NULL, NULL, 2, 20, NULL, NULL, NULL, NULL, NULL, NULL, '2022-05-26 21:39:23', '2022-06-23 15:01:22'),
(16, 'Récolter 20 bouteilles de lait', NULL, NULL, 1, 20, NULL, NULL, NULL, NULL, NULL, NULL, '2022-05-26 21:39:24', '2022-06-23 15:01:08'),
(22, 'Faire 1 fois l\'entrainement Kaio', NULL, NULL, NULL, NULL, 8, 1, NULL, NULL, NULL, NULL, '2022-06-18 12:22:30', '2022-06-23 15:03:41'),
(23, 'Répondre à un Quizz', NULL, 5, NULL, NULL, NULL, NULL, NULL, NULL, NULL, NULL, '2022-06-19 20:56:09', '2022-06-23 15:02:38'),
(25, 'Infliger 1 500 dégâts', NULL, NULL, NULL, NULL, NULL, NULL, NULL, NULL, NULL, 1500, '2022-06-22 20:52:39', '2022-06-23 15:07:47'),
(26, 'Faire 3 entrainements', NULL, NULL, NULL, NULL, NULL, 3, NULL, NULL, NULL, NULL, '2022-06-23 05:49:18', '2022-06-23 15:03:26'),
(27, 'Récolter 15 sacs de Senzus', NULL, NULL, 3, 15, NULL, NULL, NULL, NULL, NULL, NULL, '2022-06-23 05:49:51', '2022-06-23 15:00:50'),
(28, 'Infliger 7 000 dégâts', NULL, NULL, NULL, NULL, NULL, NULL, NULL, NULL, NULL, 7000, '2022-06-23 05:50:42', '2022-06-23 15:08:10'),
(29, 'Infliger 3 200 dégâts', NULL, NULL, NULL, NULL, NULL, NULL, NULL, NULL, NULL, 3200, '2022-06-23 05:50:58', '2022-06-23 15:06:32'),
(30, 'Infliger 10 000 dégâts', NULL, NULL, NULL, NULL, NULL, NULL, NULL, NULL, NULL, 10000, '2022-06-23 05:51:10', '2022-06-23 15:08:31'),
(31, 'Infliger 5 000 dégâts', NULL, NULL, NULL, NULL, NULL, NULL, NULL, NULL, NULL, 5000, '2022-06-23 05:51:19', '2022-06-23 15:08:51'),
(32, 'Infliger 11 000 dégâts', NULL, NULL, NULL, NULL, NULL, NULL, NULL, NULL, NULL, 11000, '2022-06-23 05:51:33', '2022-06-23 15:09:22'),
(33, 'Infliger 8 000 dégâts', NULL, NULL, NULL, NULL, NULL, NULL, NULL, NULL, NULL, 8000, '2022-06-23 05:53:50', '2022-06-23 15:09:47'),
(34, 'Récolter 20 sacs de Senzus', NULL, NULL, 3, 20, NULL, NULL, NULL, NULL, NULL, NULL, '2022-06-23 15:02:20', '2022-06-23 15:02:20'),
(35, 'Faire 1 fois l\'entrainement Grand Chef Namek', NULL, NULL, NULL, NULL, 10, 1, NULL, NULL, NULL, NULL, '2022-06-23 15:15:40', '2022-06-23 15:15:59'),
(36, '1 Esprit du temps', NULL, NULL, NULL, NULL, 14, NULL, NULL, NULL, NULL, NULL, '2022-06-23 17:57:27', '2022-06-23 17:57:27'),
(37, 'Faire 1 fois l\'entrainement Salle de l\'Esprit et du Temps', NULL, NULL, NULL, NULL, 14, NULL, NULL, NULL, NULL, NULL, '2022-06-23 17:58:21', '2022-06-23 17:58:21'),
(38, 'Faire 6 entraînements \"Maison\"', NULL, NULL, NULL, NULL, 6, 6, NULL, NULL, NULL, NULL, '2022-06-25 13:17:00', '2022-06-25 13:17:00'),
(39, 'Faire 4 entraînements \"Maison\"', NULL, NULL, NULL, NULL, 6, 4, NULL, NULL, NULL, NULL, '2022-06-25 13:17:28', '2022-06-25 13:17:28'),
(40, 'Infliger 3 000 dégâts', NULL, NULL, NULL, NULL, NULL, NULL, NULL, NULL, NULL, 3000, '2022-06-25 13:23:51', '2022-06-25 13:23:51'),
(41, 'Faire 1 entrainements', NULL, NULL, NULL, NULL, NULL, 1, NULL, NULL, NULL, NULL, '2022-06-25 13:28:48', '2022-06-25 13:28:48'),
(42, 'Récolter 10 sacs de Senzus', NULL, NULL, 3, 10, NULL, NULL, NULL, NULL, NULL, NULL, '2022-06-25 14:15:07', '2022-06-25 14:15:07'),
(43, 'Faire l\'entraînement spécial Éveil du vieux Kaioshin', NULL, NULL, NULL, NULL, 15, 1, NULL, NULL, NULL, NULL, '2022-06-25 17:12:15', '2022-06-25 17:12:15'),
(44, 'Faire 10 entraînements', NULL, NULL, NULL, NULL, NULL, 10, NULL, NULL, NULL, NULL, '2022-06-26 00:49:48', '2022-06-26 00:49:48'),
(45, 'Faire 4 entraînements', NULL, NULL, NULL, NULL, NULL, 4, NULL, NULL, NULL, NULL, '2022-06-26 00:50:02', '2022-06-26 00:50:02'),
(46, 'Faire 6 entraînements', NULL, NULL, NULL, NULL, NULL, 6, NULL, NULL, NULL, NULL, '2022-06-26 01:00:48', '2022-06-26 01:00:48');

-- --------------------------------------------------------

--
-- Structure de la table `win_condition_bases`
--

CREATE TABLE `win_condition_bases` (
  `id` bigint(20) UNSIGNED NOT NULL,
  `condition` varchar(255) COLLATE utf8mb4_unicode_ci DEFAULT NULL,
  `icon` varchar(255) COLLATE utf8mb4_unicode_ci DEFAULT NULL,
  `created_at` timestamp NULL DEFAULT NULL,
  `updated_at` timestamp NULL DEFAULT NULL
) ENGINE=InnoDB DEFAULT CHARSET=utf8mb4 COLLATE=utf8mb4_unicode_ci;

--
-- Déchargement des données de la table `win_condition_bases`
--

INSERT INTO `win_condition_bases` (`id`, `condition`, `icon`, `created_at`, `updated_at`) VALUES
(1, 'Lire le dialogue', '', '2022-05-20 10:40:51', '2022-06-22 20:36:49'),
(2, 'Survivre', '', '2022-05-20 10:40:52', '2022-05-20 10:40:52'),
(3, 'Vaincre l\'adversaire', '', '2022-05-20 10:40:52', '2022-05-20 10:40:52'),
(4, 'Tuer l\'adversaire', 'fas fa-skull', '2022-05-20 10:40:52', '2022-05-20 10:40:53'),
(5, 'Répondre à un Quizz', 'fas fa-question-circle', '2022-05-20 10:40:53', '2022-05-20 10:40:53');

-- --------------------------------------------------------

--
-- Structure de la table `works`
--

CREATE TABLE `works` (
  `id` bigint(20) UNSIGNED NOT NULL,
  `name` varchar(255) COLLATE utf8mb4_unicode_ci NOT NULL,
  `unlock_step` int(11) NOT NULL,
  `utils` varchar(255) COLLATE utf8mb4_unicode_ci NOT NULL,
  `map_case_id` bigint(20) UNSIGNED NOT NULL,
  `planet_id` bigint(20) UNSIGNED NOT NULL,
  `object_id` bigint(20) UNSIGNED NOT NULL,
  `waiting_duration_id` bigint(20) UNSIGNED NOT NULL,
  `thumbnail` varchar(255) COLLATE utf8mb4_unicode_ci NOT NULL,
  `created_at` timestamp NULL DEFAULT NULL,
  `updated_at` timestamp NULL DEFAULT NULL
) ENGINE=InnoDB DEFAULT CHARSET=utf8mb4 COLLATE=utf8mb4_unicode_ci;

--
-- Déchargement des données de la table `works`
--

INSERT INTO `works` (`id`, `name`, `unlock_step`, `utils`, `map_case_id`, `planet_id`, `object_id`, `waiting_duration_id`, `thumbnail`, `created_at`, `updated_at`) VALUES
(1, 'Livraison de lait', 1, 'Énergie', 88, 1, 1, 2, 'https://www.dragonballrebirth.fr/img/metiers/milk.png', '2022-05-18 20:03:07', '2022-05-18 20:03:07'),
(6, 'Chasse au dinosaure', 1, 'Force', 30, 1, 4, 2, 'https://www.dragonballrebirth.fr/img/metiers/dinosaure.png', '2022-05-19 18:51:56', '2022-05-19 18:51:58'),
(7, 'Récolte de Senzu', 1, 'Défense', 4, 1, 3, 2, 'https://www.dragonballrebirth.fr/img/metiers/senzu.jpg', '2022-05-19 18:52:00', '2022-05-19 18:52:00'),
(8, 'Pêche', 1, 'Vitalité', 71, 1, 2, 2, 'https://www.dragonballrebirth.fr/img/metiers/fishing.png', '2022-05-19 18:52:02', '2022-05-19 18:52:02'),
(9, 'Collecte des nuage', 1, 'Résurrection', 69, 2, 5, 2, 'https://www.dragonballrebirth.fr/img/metiers/nuage.png', '2022-05-19 18:52:05', '2022-05-19 18:52:05');

--
-- Index pour les tables déchargées
--

--
-- Index pour la table `adventure_modes`
--
ALTER TABLE `adventure_modes`
  ADD PRIMARY KEY (`id`),
  ADD KEY `adventure_modes_story_id_foreign` (`story_id`),
  ADD KEY `adventure_modes_character_id_foreign` (`character_id`),
  ADD KEY `adventure_modes_enemy_id_foreign` (`enemy_id`),
  ADD KEY `adventure_modes_map_case_id_foreign` (`map_case_id`),
  ADD KEY `adventure_modes_planet_id_foreign` (`planet_id`);

--
-- Index pour la table `caps`
--
ALTER TABLE `caps`
  ADD PRIMARY KEY (`id`),
  ADD KEY `caps_caps_scarecities_id_foreign` (`caps_scarecities_id`);

--
-- Index pour la table `caps_scarecities`
--
ALTER TABLE `caps_scarecities`
  ADD PRIMARY KEY (`id`);

--
-- Index pour la table `characters`
--
ALTER TABLE `characters`
  ADD PRIMARY KEY (`id`),
  ADD KEY `characters_caps_id_foreign` (`caps_id`),
  ADD KEY `characters_story_id_foreign` (`story_id`),
  ADD KEY `main_story_id` (`main_story_id`);

--
-- Index pour la table `character_categories`
--
ALTER TABLE `character_categories`
  ADD PRIMARY KEY (`id`);

--
-- Index pour la table `failed_jobs`
--
ALTER TABLE `failed_jobs`
  ADD PRIMARY KEY (`id`),
  ADD UNIQUE KEY `failed_jobs_uuid_unique` (`uuid`);

--
-- Index pour la table `link_characters_to_categories`
--
ALTER TABLE `link_characters_to_categories`
  ADD PRIMARY KEY (`id`),
  ADD KEY `category_id` (`category_id`),
  ADD KEY `character_id` (`character_id`);

--
-- Index pour la table `link_rewards_to_steps`
--
ALTER TABLE `link_rewards_to_steps`
  ADD PRIMARY KEY (`id`),
  ADD KEY `link_rewards_to_steps_rewards_id_foreign` (`rewards_id`),
  ADD KEY `link_rewards_to_steps_step_number_foreign` (`step_number`);

--
-- Index pour la table `link_win_conditions_to_steps`
--
ALTER TABLE `link_win_conditions_to_steps`
  ADD PRIMARY KEY (`id`),
  ADD KEY `link_win_conditions_to_steps_conditions_id_foreign` (`conditions_id`),
  ADD KEY `link_win_conditions_to_steps_step_number_foreign` (`step_number`);

--
-- Index pour la table `main_stories`
--
ALTER TABLE `main_stories`
  ADD PRIMARY KEY (`id`);

--
-- Index pour la table `map_cases`
--
ALTER TABLE `map_cases`
  ADD PRIMARY KEY (`id`);

--
-- Index pour la table `migrations`
--
ALTER TABLE `migrations`
  ADD PRIMARY KEY (`id`);

--
-- Index pour la table `object_durations`
--
ALTER TABLE `object_durations`
  ADD PRIMARY KEY (`id`);

--
-- Index pour la table `object_items`
--
ALTER TABLE `object_items`
  ADD PRIMARY KEY (`id`),
  ADD KEY `object_items_object_duration_id_foreign` (`object_duration_id`);

--
-- Index pour la table `password_resets`
--
ALTER TABLE `password_resets`
  ADD KEY `password_resets_email_index` (`email`);

--
-- Index pour la table `personal_access_tokens`
--
ALTER TABLE `personal_access_tokens`
  ADD PRIMARY KEY (`id`),
  ADD UNIQUE KEY `personal_access_tokens_token_unique` (`token`),
  ADD KEY `personal_access_tokens_tokenable_type_tokenable_id_index` (`tokenable_type`,`tokenable_id`);

--
-- Index pour la table `planets`
--
ALTER TABLE `planets`
  ADD PRIMARY KEY (`id`);

--
-- Index pour la table `rewards`
--
ALTER TABLE `rewards`
  ADD PRIMARY KEY (`id`),
  ADD KEY `rewards_character_id_foreign` (`character_id`),
  ADD KEY `rewards_object_id_foreign` (`object_id`),
  ADD KEY `rewards_caps_id_foreign` (`caps_id`),
  ADD KEY `rewards_rewards_character_id_foreign` (`rewards_character_id`);

--
-- Index pour la table `stories`
--
ALTER TABLE `stories`
  ADD PRIMARY KEY (`id`),
  ADD KEY `story_unlock` (`story_unlock`),
  ADD KEY `main_story` (`main_story`);

--
-- Index pour la table `trains`
--
ALTER TABLE `trains`
  ADD PRIMARY KEY (`id`),
  ADD KEY `trains_map_case_id_foreign` (`map_case_id`),
  ADD KEY `trains_planet_id_foreign` (`planet_id`),
  ADD KEY `trains_duration_id_foreign` (`duration_id`);

--
-- Index pour la table `users`
--
ALTER TABLE `users`
  ADD PRIMARY KEY (`id`),
  ADD UNIQUE KEY `users_email_unique` (`email`);

--
-- Index pour la table `waiting_durations`
--
ALTER TABLE `waiting_durations`
  ADD PRIMARY KEY (`id`);

--
-- Index pour la table `win_conditions`
--
ALTER TABLE `win_conditions`
  ADD PRIMARY KEY (`id`),
  ADD KEY `win_conditions_condition_base_id_foreign` (`condition_base_id`),
  ADD KEY `win_conditions_object_harvest_foreign` (`object_harvest`),
  ADD KEY `win_conditions_special_trains_foreign` (`special_trains`);

--
-- Index pour la table `win_condition_bases`
--
ALTER TABLE `win_condition_bases`
  ADD PRIMARY KEY (`id`);

--
-- Index pour la table `works`
--
ALTER TABLE `works`
  ADD PRIMARY KEY (`id`),
  ADD KEY `works_map_case_id_foreign` (`map_case_id`),
  ADD KEY `works_planet_id_foreign` (`planet_id`),
  ADD KEY `works_object_id_foreign` (`object_id`),
  ADD KEY `works_waiting_duration_id_foreign` (`waiting_duration_id`);

--
-- AUTO_INCREMENT pour les tables déchargées
--

--
-- AUTO_INCREMENT pour la table `adventure_modes`
--
ALTER TABLE `adventure_modes`
  MODIFY `id` bigint(20) UNSIGNED NOT NULL AUTO_INCREMENT, AUTO_INCREMENT=315;

--
-- AUTO_INCREMENT pour la table `caps`
--
ALTER TABLE `caps`
  MODIFY `id` bigint(20) UNSIGNED NOT NULL AUTO_INCREMENT, AUTO_INCREMENT=117;

--
-- AUTO_INCREMENT pour la table `caps_scarecities`
--
ALTER TABLE `caps_scarecities`
  MODIFY `id` bigint(20) UNSIGNED NOT NULL AUTO_INCREMENT, AUTO_INCREMENT=6;

--
-- AUTO_INCREMENT pour la table `characters`
--
ALTER TABLE `characters`
  MODIFY `id` bigint(20) UNSIGNED NOT NULL AUTO_INCREMENT, AUTO_INCREMENT=73;

--
-- AUTO_INCREMENT pour la table `character_categories`
--
ALTER TABLE `character_categories`
  MODIFY `id` bigint(20) UNSIGNED NOT NULL AUTO_INCREMENT, AUTO_INCREMENT=9;

--
-- AUTO_INCREMENT pour la table `failed_jobs`
--
ALTER TABLE `failed_jobs`
  MODIFY `id` bigint(20) UNSIGNED NOT NULL AUTO_INCREMENT;

--
-- AUTO_INCREMENT pour la table `link_characters_to_categories`
--
ALTER TABLE `link_characters_to_categories`
  MODIFY `id` bigint(20) UNSIGNED NOT NULL AUTO_INCREMENT, AUTO_INCREMENT=93;

--
-- AUTO_INCREMENT pour la table `link_rewards_to_steps`
--
ALTER TABLE `link_rewards_to_steps`
  MODIFY `id` bigint(20) UNSIGNED NOT NULL AUTO_INCREMENT, AUTO_INCREMENT=426;

--
-- AUTO_INCREMENT pour la table `link_win_conditions_to_steps`
--
ALTER TABLE `link_win_conditions_to_steps`
  MODIFY `id` bigint(20) UNSIGNED NOT NULL AUTO_INCREMENT, AUTO_INCREMENT=376;

--
-- AUTO_INCREMENT pour la table `main_stories`
--
ALTER TABLE `main_stories`
  MODIFY `id` bigint(20) UNSIGNED NOT NULL AUTO_INCREMENT, AUTO_INCREMENT=151;

--
-- AUTO_INCREMENT pour la table `map_cases`
--
ALTER TABLE `map_cases`
  MODIFY `id` bigint(20) UNSIGNED NOT NULL AUTO_INCREMENT, AUTO_INCREMENT=91;

--
-- AUTO_INCREMENT pour la table `migrations`
--
ALTER TABLE `migrations`
  MODIFY `id` int(10) UNSIGNED NOT NULL AUTO_INCREMENT, AUTO_INCREMENT=35;

--
-- AUTO_INCREMENT pour la table `object_durations`
--
ALTER TABLE `object_durations`
  MODIFY `id` bigint(20) UNSIGNED NOT NULL AUTO_INCREMENT, AUTO_INCREMENT=5;

--
-- AUTO_INCREMENT pour la table `object_items`
--
ALTER TABLE `object_items`
  MODIFY `id` bigint(20) UNSIGNED NOT NULL AUTO_INCREMENT, AUTO_INCREMENT=45;

--
-- AUTO_INCREMENT pour la table `personal_access_tokens`
--
ALTER TABLE `personal_access_tokens`
  MODIFY `id` bigint(20) UNSIGNED NOT NULL AUTO_INCREMENT, AUTO_INCREMENT=46;

--
-- AUTO_INCREMENT pour la table `planets`
--
ALTER TABLE `planets`
  MODIFY `id` bigint(20) UNSIGNED NOT NULL AUTO_INCREMENT, AUTO_INCREMENT=5;

--
-- AUTO_INCREMENT pour la table `rewards`
--
ALTER TABLE `rewards`
  MODIFY `id` bigint(20) UNSIGNED NOT NULL AUTO_INCREMENT, AUTO_INCREMENT=285;

--
-- AUTO_INCREMENT pour la table `stories`
--
ALTER TABLE `stories`
  MODIFY `id` bigint(20) UNSIGNED NOT NULL AUTO_INCREMENT, AUTO_INCREMENT=99;

--
-- AUTO_INCREMENT pour la table `trains`
--
ALTER TABLE `trains`
  MODIFY `id` bigint(20) UNSIGNED NOT NULL AUTO_INCREMENT, AUTO_INCREMENT=16;

--
-- AUTO_INCREMENT pour la table `users`
--
ALTER TABLE `users`
  MODIFY `id` bigint(20) UNSIGNED NOT NULL AUTO_INCREMENT, AUTO_INCREMENT=4;

--
-- AUTO_INCREMENT pour la table `waiting_durations`
--
ALTER TABLE `waiting_durations`
  MODIFY `id` bigint(20) UNSIGNED NOT NULL AUTO_INCREMENT, AUTO_INCREMENT=8;

--
-- AUTO_INCREMENT pour la table `win_conditions`
--
ALTER TABLE `win_conditions`
  MODIFY `id` bigint(20) UNSIGNED NOT NULL AUTO_INCREMENT, AUTO_INCREMENT=47;

--
-- AUTO_INCREMENT pour la table `win_condition_bases`
--
ALTER TABLE `win_condition_bases`
  MODIFY `id` bigint(20) UNSIGNED NOT NULL AUTO_INCREMENT, AUTO_INCREMENT=6;

--
-- AUTO_INCREMENT pour la table `works`
--
ALTER TABLE `works`
  MODIFY `id` bigint(20) UNSIGNED NOT NULL AUTO_INCREMENT, AUTO_INCREMENT=10;

--
-- Contraintes pour les tables déchargées
--

--
-- Contraintes pour la table `adventure_modes`
--
ALTER TABLE `adventure_modes`
  ADD CONSTRAINT `adventure_modes_character_id_foreign` FOREIGN KEY (`character_id`) REFERENCES `characters` (`id`),
  ADD CONSTRAINT `adventure_modes_enemy_id_foreign` FOREIGN KEY (`enemy_id`) REFERENCES `characters` (`id`),
  ADD CONSTRAINT `adventure_modes_map_case_id_foreign` FOREIGN KEY (`map_case_id`) REFERENCES `map_cases` (`id`),
  ADD CONSTRAINT `adventure_modes_planet_id_foreign` FOREIGN KEY (`planet_id`) REFERENCES `planets` (`id`),
  ADD CONSTRAINT `adventure_modes_story_id_foreign` FOREIGN KEY (`story_id`) REFERENCES `stories` (`id`);

--
-- Contraintes pour la table `caps`
--
ALTER TABLE `caps`
  ADD CONSTRAINT `caps_caps_scarecities_id_foreign` FOREIGN KEY (`caps_scarecities_id`) REFERENCES `caps_scarecities` (`id`) ON DELETE CASCADE;

--
-- Contraintes pour la table `characters`
--
ALTER TABLE `characters`
  ADD CONSTRAINT `characters_caps_id_foreign` FOREIGN KEY (`caps_id`) REFERENCES `caps` (`id`),
  ADD CONSTRAINT `characters_ibfk_1` FOREIGN KEY (`main_story_id`) REFERENCES `main_stories` (`id`) ON UPDATE CASCADE,
  ADD CONSTRAINT `characters_story_id_foreign` FOREIGN KEY (`story_id`) REFERENCES `stories` (`id`);

--
-- Contraintes pour la table `link_characters_to_categories`
--
ALTER TABLE `link_characters_to_categories`
  ADD CONSTRAINT `link_characters_to_categories_ibfk_1` FOREIGN KEY (`category_id`) REFERENCES `character_categories` (`id`),
  ADD CONSTRAINT `link_characters_to_categories_ibfk_2` FOREIGN KEY (`character_id`) REFERENCES `characters` (`id`);

--
-- Contraintes pour la table `link_rewards_to_steps`
--
ALTER TABLE `link_rewards_to_steps`
  ADD CONSTRAINT `link_rewards_to_steps_rewards_id_foreign` FOREIGN KEY (`rewards_id`) REFERENCES `rewards` (`id`),
  ADD CONSTRAINT `link_rewards_to_steps_step_number_foreign` FOREIGN KEY (`step_number`) REFERENCES `adventure_modes` (`id`);

--
-- Contraintes pour la table `link_win_conditions_to_steps`
--
ALTER TABLE `link_win_conditions_to_steps`
  ADD CONSTRAINT `link_win_conditions_to_steps_conditions_id_foreign` FOREIGN KEY (`conditions_id`) REFERENCES `win_conditions` (`id`),
  ADD CONSTRAINT `link_win_conditions_to_steps_step_number_foreign` FOREIGN KEY (`step_number`) REFERENCES `adventure_modes` (`id`);

--
-- Contraintes pour la table `object_items`
--
ALTER TABLE `object_items`
  ADD CONSTRAINT `object_items_object_duration_id_foreign` FOREIGN KEY (`object_duration_id`) REFERENCES `object_durations` (`id`);

--
-- Contraintes pour la table `rewards`
--
ALTER TABLE `rewards`
  ADD CONSTRAINT `rewards_caps_id_foreign` FOREIGN KEY (`caps_id`) REFERENCES `caps` (`id`),
  ADD CONSTRAINT `rewards_character_id_foreign` FOREIGN KEY (`character_id`) REFERENCES `characters` (`id`),
  ADD CONSTRAINT `rewards_object_id_foreign` FOREIGN KEY (`object_id`) REFERENCES `object_items` (`id`),
  ADD CONSTRAINT `rewards_rewards_character_id_foreign` FOREIGN KEY (`rewards_character_id`) REFERENCES `characters` (`id`);

--
-- Contraintes pour la table `stories`
--
ALTER TABLE `stories`
  ADD CONSTRAINT `FK_stories_stories` FOREIGN KEY (`story_unlock`) REFERENCES `stories` (`id`),
  ADD CONSTRAINT `stories_ibfk_1` FOREIGN KEY (`main_story`) REFERENCES `main_stories` (`id`) ON UPDATE CASCADE;

--
-- Contraintes pour la table `trains`
--
ALTER TABLE `trains`
  ADD CONSTRAINT `trains_duration_id_foreign` FOREIGN KEY (`duration_id`) REFERENCES `waiting_durations` (`id`),
  ADD CONSTRAINT `trains_map_case_id_foreign` FOREIGN KEY (`map_case_id`) REFERENCES `map_cases` (`id`),
  ADD CONSTRAINT `trains_planet_id_foreign` FOREIGN KEY (`planet_id`) REFERENCES `planets` (`id`);

--
-- Contraintes pour la table `win_conditions`
--
ALTER TABLE `win_conditions`
  ADD CONSTRAINT `win_conditions_condition_base_id_foreign` FOREIGN KEY (`condition_base_id`) REFERENCES `win_condition_bases` (`id`),
  ADD CONSTRAINT `win_conditions_object_harvest_foreign` FOREIGN KEY (`object_harvest`) REFERENCES `object_items` (`id`),
  ADD CONSTRAINT `win_conditions_special_trains_foreign` FOREIGN KEY (`special_trains`) REFERENCES `trains` (`id`);

--
-- Contraintes pour la table `works`
--
ALTER TABLE `works`
  ADD CONSTRAINT `works_map_case_id_foreign` FOREIGN KEY (`map_case_id`) REFERENCES `map_cases` (`id`),
  ADD CONSTRAINT `works_object_id_foreign` FOREIGN KEY (`object_id`) REFERENCES `object_items` (`id`),
  ADD CONSTRAINT `works_planet_id_foreign` FOREIGN KEY (`planet_id`) REFERENCES `planets` (`id`),
  ADD CONSTRAINT `works_waiting_duration_id_foreign` FOREIGN KEY (`waiting_duration_id`) REFERENCES `waiting_durations` (`id`);
COMMIT;

/*!40101 SET CHARACTER_SET_CLIENT=@OLD_CHARACTER_SET_CLIENT */;
/*!40101 SET CHARACTER_SET_RESULTS=@OLD_CHARACTER_SET_RESULTS */;
/*!40101 SET COLLATION_CONNECTION=@OLD_COLLATION_CONNECTION */;
